instant,dteday,year,season,month,weekday,holiday,workingday,weathersit,temp,atemp,hum,windspeed,casual,registered,cnt
1,2011-01-01,2011,spring,January,Saturday,0,0,Clouds/Mist,14,18,81,11,331,654,985
2,2011-01-02,2011,spring,January,Sunday,0,0,Clouds/Mist,15,18,70,17,131,670,801
3,2011-01-03,2011,spring,January,Monday,0,1,Good,8,9,44,17,120,1229,1349
4,2011-01-04,2011,spring,January,Tuesday,0,1,Good,8,11,59,11,108,1454,1562
5,2011-01-05,2011,spring,January,Wednesday,0,1,Good,9,11,44,13,82,1518,1600
6,2011-01-06,2011,spring,January,Thursday,0,1,Good,8,12,52,6,88,1518,1606
7,2011-01-07,2011,spring,January,Friday,0,1,Clouds/Mist,8,10,50,11,148,1362,1510
8,2011-01-08,2011,spring,January,Saturday,0,0,Clouds/Mist,7,8,54,18,68,891,959
9,2011-01-09,2011,spring,January,Sunday,0,0,Good,6,6,43,24,54,768,822
10,2011-01-10,2011,spring,January,Monday,0,1,Good,6,8,48,15,41,1280,1321
11,2011-01-11,2011,spring,January,Tuesday,0,1,Clouds/Mist,7,10,69,8,43,1220,1263
12,2011-01-12,2011,spring,January,Wednesday,0,1,Good,7,8,60,20,25,1137,1162
13,2011-01-13,2011,spring,January,Thursday,0,1,Good,7,8,47,20,38,1368,1406
14,2011-01-14,2011,spring,January,Friday,0,1,Good,7,9,54,8,54,1367,1421
15,2011-01-15,2011,spring,January,Saturday,0,0,Clouds/Mist,10,12,50,11,222,1026,1248
16,2011-01-16,2011,spring,January,Sunday,0,0,Good,9,12,48,13,251,953,1204
17,2011-01-17,2011,spring,January,Monday,1,0,Clouds/Mist,7,9,54,13,117,883,1000
18,2011-01-18,2011,spring,January,Tuesday,0,1,Clouds/Mist,9,12,86,10,9,674,683
19,2011-01-19,2011,spring,January,Wednesday,0,1,Clouds/Mist,12,15,74,14,78,1572,1650
20,2011-01-20,2011,spring,January,Thursday,0,1,Clouds/Mist,11,13,54,13,83,1844,1927
21,2011-01-21,2011,spring,January,Friday,0,1,Good,7,8,46,24,75,1468,1543
22,2011-01-22,2011,spring,January,Saturday,0,0,Good,2,4,40,12,93,888,981
23,2011-01-23,2011,spring,January,Sunday,0,0,Good,4,5,44,17,150,836,986
24,2011-01-24,2011,spring,January,Monday,0,1,Good,4,6,49,11,86,1330,1416
25,2011-01-25,2011,spring,January,Tuesday,0,1,Clouds/Mist,9,12,62,9,186,1799,1985
26,2011-01-26,2011,spring,January,Wednesday,0,1,Rain/Snow/Storm,9,10,86,20,34,472,506
27,2011-01-27,2011,spring,January,Thursday,0,1,Good,8,11,69,8,15,416,431
28,2011-01-28,2011,spring,January,Friday,0,1,Clouds/Mist,8,11,79,8,38,1129,1167
29,2011-01-29,2011,spring,January,Saturday,0,0,Good,8,11,65,10,123,975,1098
30,2011-01-30,2011,spring,January,Sunday,0,0,Good,9,13,72,5,140,956,1096
31,2011-01-31,2011,spring,January,Monday,0,1,Clouds/Mist,7,9,60,13,42,1459,1501
32,2011-02-01,2011,spring,February,Tuesday,0,1,Clouds/Mist,8,12,83,4,47,1313,1360
33,2011-02-02,2011,spring,February,Wednesday,0,1,Clouds/Mist,11,13,78,18,72,1454,1526
34,2011-02-03,2011,spring,February,Thursday,0,1,Good,8,9,44,19,61,1489,1550
35,2011-02-04,2011,spring,February,Friday,0,1,Clouds/Mist,9,11,59,9,88,1620,1708
36,2011-02-05,2011,spring,February,Saturday,0,0,Clouds/Mist,10,12,93,11,100,905,1005
37,2011-02-06,2011,spring,February,Sunday,0,0,Good,12,15,57,10,354,1269,1623
38,2011-02-07,2011,spring,February,Monday,0,1,Good,11,15,74,3,120,1592,1712
39,2011-02-08,2011,spring,February,Tuesday,0,1,Good,9,10,54,24,64,1466,1530
40,2011-02-09,2011,spring,February,Wednesday,0,1,Clouds/Mist,6,7,49,13,53,1552,1605
41,2011-02-10,2011,spring,February,Thursday,0,1,Good,6,7,44,15,47,1491,1538
42,2011-02-11,2011,spring,February,Friday,0,1,Good,8,11,51,7,149,1597,1746
43,2011-02-12,2011,spring,February,Saturday,0,0,Good,9,12,54,14,288,1184,1472
44,2011-02-13,2011,spring,February,Sunday,0,0,Good,13,16,46,17,397,1192,1589
45,2011-02-14,2011,spring,February,Monday,0,1,Good,17,20,38,28,208,1705,1913
46,2011-02-15,2011,spring,February,Tuesday,0,1,Good,11,13,31,20,140,1675,1815
47,2011-02-16,2011,spring,February,Wednesday,0,1,Good,13,16,42,17,218,1897,2115
48,2011-02-17,2011,spring,February,Thursday,0,1,Good,18,21,50,15,259,2216,2475
49,2011-02-18,2011,spring,February,Friday,0,1,Good,21,26,52,18,579,2348,2927
50,2011-02-19,2011,spring,February,Saturday,0,0,Good,16,20,19,34,532,1103,1635
51,2011-02-20,2011,spring,February,Sunday,0,0,Good,12,14,41,15,639,1173,1812
52,2011-02-21,2011,spring,February,Monday,1,0,Clouds/Mist,12,14,60,21,195,912,1107
53,2011-02-22,2011,spring,February,Tuesday,0,1,Good,7,9,58,13,74,1376,1450
54,2011-02-23,2011,spring,February,Wednesday,0,1,Good,9,12,42,6,139,1778,1917
55,2011-02-24,2011,spring,February,Thursday,0,1,Clouds/Mist,12,14,70,17,100,1707,1807
56,2011-02-25,2011,spring,February,Friday,0,1,Clouds/Mist,15,18,71,23,120,1341,1461
57,2011-02-26,2011,spring,February,Saturday,0,0,Good,12,14,54,13,424,1545,1969
58,2011-02-27,2011,spring,February,Sunday,0,0,Good,14,18,68,8,694,1708,2402
59,2011-02-28,2011,spring,February,Monday,0,1,Clouds/Mist,17,20,88,19,81,1365,1446
60,2011-03-01,2011,spring,March,Tuesday,0,1,Good,11,13,54,15,137,1714,1851
61,2011-03-02,2011,spring,March,Wednesday,0,1,Good,14,16,45,21,231,1903,2134
62,2011-03-03,2011,spring,March,Thursday,0,1,Good,8,10,32,15,123,1562,1685
63,2011-03-04,2011,spring,March,Friday,0,1,Clouds/Mist,11,13,61,14,214,1730,1944
64,2011-03-05,2011,spring,March,Saturday,0,0,Clouds/Mist,16,19,79,17,640,1437,2077
65,2011-03-06,2011,spring,March,Sunday,0,0,Clouds/Mist,15,18,95,23,114,491,605
66,2011-03-07,2011,spring,March,Monday,0,1,Good,11,12,55,23,244,1628,1872
67,2011-03-08,2011,spring,March,Tuesday,0,1,Good,12,15,42,8,316,1817,2133
68,2011-03-09,2011,spring,March,Wednesday,0,1,Clouds/Mist,12,14,78,15,191,1700,1891
69,2011-03-10,2011,spring,March,Thursday,0,1,Rain/Snow/Storm,16,19,0,18,46,577,623
70,2011-03-11,2011,spring,March,Friday,0,1,Clouds/Mist,13,15,65,16,247,1730,1977
71,2011-03-12,2011,spring,March,Saturday,0,0,Good,13,16,59,15,724,1408,2132
72,2011-03-13,2011,spring,March,Sunday,0,0,Good,16,19,53,18,982,1435,2417
73,2011-03-14,2011,spring,March,Monday,0,1,Good,13,17,50,9,359,1687,2046
74,2011-03-15,2011,spring,March,Tuesday,0,1,Clouds/Mist,13,16,66,12,289,1767,2056
75,2011-03-16,2011,spring,March,Wednesday,0,1,Clouds/Mist,15,18,78,14,321,1871,2192
76,2011-03-17,2011,spring,March,Thursday,0,1,Good,17,21,60,14,424,2320,2744
77,2011-03-18,2011,spring,March,Friday,0,1,Good,22,26,53,15,884,2355,3239
78,2011-03-19,2011,spring,March,Saturday,0,0,Good,19,23,38,25,1424,1693,3117
79,2011-03-20,2011,spring,March,Sunday,0,0,Good,14,16,47,14,1047,1424,2471
80,2011-03-21,2011,summer,March,Monday,0,1,Clouds/Mist,18,20,74,19,401,1676,2077
81,2011-03-22,2011,summer,March,Tuesday,0,1,Good,18,22,62,15,460,2243,2703
82,2011-03-23,2011,summer,March,Wednesday,0,1,Clouds/Mist,14,17,84,16,203,1918,2121
83,2011-03-24,2011,summer,March,Thursday,0,1,Clouds/Mist,12,14,81,16,166,1699,1865
84,2011-03-25,2011,summer,March,Friday,0,1,Good,11,13,50,15,300,1910,2210
85,2011-03-26,2011,summer,March,Saturday,0,0,Good,11,13,39,14,981,1515,2496
86,2011-03-27,2011,summer,March,Sunday,0,0,Clouds/Mist,10,13,49,12,472,1221,1693
87,2011-03-28,2011,summer,March,Monday,0,1,Good,11,13,30,14,222,1806,2028
88,2011-03-29,2011,summer,March,Tuesday,0,1,Good,12,15,31,15,317,2108,2425
89,2011-03-30,2011,summer,March,Wednesday,0,1,Clouds/Mist,12,15,65,12,168,1368,1536
90,2011-03-31,2011,summer,March,Thursday,0,1,Rain/Snow/Storm,11,13,92,15,179,1506,1685
91,2011-04-01,2011,summer,April,Friday,0,1,Clouds/Mist,12,14,69,17,307,1920,2227
92,2011-04-02,2011,summer,April,Saturday,0,0,Clouds/Mist,13,16,65,13,898,1354,2252
93,2011-04-03,2011,summer,April,Sunday,0,0,Good,16,19,48,12,1651,1598,3249
94,2011-04-04,2011,summer,April,Monday,0,1,Good,24,27,43,26,734,2381,3115
95,2011-04-05,2011,summer,April,Tuesday,0,1,Clouds/Mist,17,20,64,26,167,1628,1795
96,2011-04-06,2011,summer,April,Wednesday,0,1,Good,16,19,47,18,413,2395,2808
97,2011-04-07,2011,summer,April,Thursday,0,1,Good,18,22,60,11,571,2570,3141
98,2011-04-08,2011,summer,April,Friday,0,1,Clouds/Mist,14,16,84,15,172,1299,1471
99,2011-04-09,2011,summer,April,Saturday,0,0,Clouds/Mist,14,17,88,9,879,1576,2455
100,2011-04-10,2011,summer,April,Sunday,0,0,Clouds/Mist,17,21,86,10,1188,1707,2895
101,2011-04-11,2011,summer,April,Monday,0,1,Clouds/Mist,24,28,72,22,855,2493,3348
102,2011-04-12,2011,summer,April,Tuesday,0,1,Clouds/Mist,21,25,74,18,257,1777,2034
103,2011-04-13,2011,summer,April,Wednesday,0,1,Clouds/Mist,17,21,82,17,209,1953,2162
104,2011-04-14,2011,summer,April,Thursday,0,1,Good,19,23,54,7,529,2738,3267
105,2011-04-15,2011,summer,April,Friday,1,0,Good,18,22,67,15,642,2484,3126
106,2011-04-16,2011,summer,April,Saturday,0,0,Rain/Snow/Storm,18,21,89,23,121,674,795
107,2011-04-17,2011,summer,April,Sunday,0,0,Good,19,22,48,20,1558,2186,3744
108,2011-04-18,2011,summer,April,Monday,0,1,Good,21,25,54,11,669,2760,3429
109,2011-04-19,2011,summer,April,Tuesday,0,1,Clouds/Mist,21,24,67,11,409,2795,3204
110,2011-04-20,2011,summer,April,Wednesday,0,1,Good,24,28,61,16,613,3331,3944
111,2011-04-21,2011,summer,April,Thursday,0,1,Good,19,23,41,22,745,3444,4189
112,2011-04-22,2011,summer,April,Friday,0,1,Clouds/Mist,14,16,73,15,177,1506,1683
113,2011-04-23,2011,summer,April,Saturday,0,0,Clouds/Mist,19,23,89,15,1462,2574,4036
114,2011-04-24,2011,summer,April,Sunday,0,0,Clouds/Mist,24,28,81,13,1710,2481,4191
115,2011-04-25,2011,summer,April,Monday,0,1,Good,25,29,78,12,773,3300,4073
116,2011-04-26,2011,summer,April,Tuesday,0,1,Good,26,30,73,22,678,3722,4400
117,2011-04-27,2011,summer,April,Wednesday,0,1,Clouds/Mist,25,29,84,21,547,3325,3872
118,2011-04-28,2011,summer,April,Thursday,0,1,Clouds/Mist,25,29,70,22,569,3489,4058
119,2011-04-29,2011,summer,April,Friday,0,1,Good,21,25,46,16,878,3717,4595
120,2011-04-30,2011,summer,April,Saturday,0,0,Good,19,23,50,16,1965,3347,5312
121,2011-05-01,2011,summer,May,Sunday,0,0,Clouds/Mist,19,22,76,7,1138,2213,3351
122,2011-05-02,2011,summer,May,Monday,0,1,Clouds/Mist,23,27,73,12,847,3554,4401
123,2011-05-03,2011,summer,May,Tuesday,0,1,Clouds/Mist,25,29,70,23,603,3848,4451
124,2011-05-04,2011,summer,May,Wednesday,0,1,Clouds/Mist,17,20,74,22,255,2378,2633
125,2011-05-05,2011,summer,May,Thursday,0,1,Good,19,22,44,20,614,3819,4433
126,2011-05-06,2011,summer,May,Friday,0,1,Good,20,24,59,15,894,3714,4608
127,2011-05-07,2011,summer,May,Saturday,0,0,Good,21,26,54,11,1612,3102,4714
128,2011-05-08,2011,summer,May,Sunday,0,0,Good,22,26,63,5,1401,2932,4333
129,2011-05-09,2011,summer,May,Monday,0,1,Good,22,26,59,12,664,3698,4362
130,2011-05-10,2011,summer,May,Tuesday,0,1,Good,22,26,49,8,694,4109,4803
131,2011-05-11,2011,summer,May,Wednesday,0,1,Good,22,26,63,8,550,3632,4182
132,2011-05-12,2011,summer,May,Thursday,0,1,Good,22,26,75,13,695,4169,4864
133,2011-05-13,2011,summer,May,Friday,0,1,Clouds/Mist,21,25,86,12,692,3413,4105
134,2011-05-14,2011,summer,May,Saturday,0,0,Clouds/Mist,21,25,92,9,902,2507,3409
135,2011-05-15,2011,summer,May,Sunday,0,0,Clouds/Mist,23,27,87,10,1582,2971,4553
136,2011-05-16,2011,summer,May,Monday,0,1,Good,24,28,79,9,773,3185,3958
137,2011-05-17,2011,summer,May,Tuesday,0,1,Clouds/Mist,23,27,84,19,678,3445,4123
138,2011-05-18,2011,summer,May,Wednesday,0,1,Clouds/Mist,23,26,87,13,536,3319,3855
139,2011-05-19,2011,summer,May,Thursday,0,1,Clouds/Mist,22,26,83,7,735,3840,4575
140,2011-05-20,2011,summer,May,Friday,0,1,Good,22,26,72,8,909,4008,4917
141,2011-05-21,2011,summer,May,Saturday,0,0,Good,25,29,63,8,2258,3547,5805
142,2011-05-22,2011,summer,May,Sunday,0,0,Good,25,29,75,10,1576,3084,4660
143,2011-05-23,2011,summer,May,Monday,0,1,Clouds/Mist,26,30,81,16,836,3438,4274
144,2011-05-24,2011,summer,May,Tuesday,0,1,Clouds/Mist,27,30,74,14,659,3833,4492
145,2011-05-25,2011,summer,May,Wednesday,0,1,Good,27,31,70,10,740,4238,4978
146,2011-05-26,2011,summer,May,Thursday,0,1,Good,29,33,68,13,758,3919,4677
147,2011-05-27,2011,summer,May,Friday,0,1,Good,28,32,65,16,871,3808,4679
148,2011-05-28,2011,summer,May,Saturday,0,0,Good,27,31,73,15,2001,2757,4758
149,2011-05-29,2011,summer,May,Sunday,0,0,Good,27,31,82,14,2355,2433,4788
150,2011-05-30,2011,summer,May,Monday,1,0,Good,30,34,68,9,1549,2549,4098
151,2011-05-31,2011,summer,May,Tuesday,0,1,Good,32,36,64,7,673,3309,3982
152,2011-06-01,2011,summer,June,Wednesday,0,1,Clouds/Mist,31,36,68,14,513,3461,3974
153,2011-06-02,2011,summer,June,Thursday,0,1,Good,29,32,30,20,736,4232,4968
154,2011-06-03,2011,summer,June,Friday,0,1,Good,25,29,35,17,898,4414,5312
155,2011-06-04,2011,summer,June,Saturday,0,0,Good,26,30,46,8,1869,3473,5342
156,2011-06-05,2011,summer,June,Sunday,0,0,Clouds/Mist,27,31,65,9,1685,3221,4906
157,2011-06-06,2011,summer,June,Monday,0,1,Good,28,31,60,8,673,3875,4548
158,2011-06-07,2011,summer,June,Tuesday,0,1,Good,29,33,60,13,763,4070,4833
159,2011-06-08,2011,summer,June,Wednesday,0,1,Good,32,36,62,9,676,3725,4401
160,2011-06-09,2011,summer,June,Thursday,0,1,Clouds/Mist,33,38,57,10,563,3352,3915
161,2011-06-10,2011,summer,June,Friday,0,1,Good,31,35,60,9,815,3771,4586
162,2011-06-11,2011,summer,June,Saturday,0,0,Good,30,34,65,10,1729,3237,4966
163,2011-06-12,2011,summer,June,Sunday,0,0,Good,28,32,75,11,1467,2993,4460
164,2011-06-13,2011,summer,June,Monday,0,1,Good,26,30,49,20,863,4157,5020
165,2011-06-14,2011,summer,June,Tuesday,0,1,Good,25,30,51,18,727,4164,4891
166,2011-06-15,2011,summer,June,Wednesday,0,1,Good,26,29,47,11,769,4411,5180
167,2011-06-16,2011,summer,June,Thursday,0,1,Clouds/Mist,26,30,69,14,545,3222,3767
168,2011-06-17,2011,summer,June,Friday,0,1,Good,27,30,74,10,863,3981,4844
169,2011-06-18,2011,summer,June,Saturday,0,0,Good,29,32,67,8,1807,3312,5119
170,2011-06-19,2011,summer,June,Sunday,0,0,Clouds/Mist,29,32,67,7,1639,3105,4744
171,2011-06-20,2011,summer,June,Monday,0,1,Clouds/Mist,26,30,75,10,699,3311,4010
172,2011-06-21,2011,fall,June,Tuesday,0,1,Clouds/Mist,28,32,77,11,774,4061,4835
173,2011-06-22,2011,fall,June,Wednesday,0,1,Good,30,35,71,12,661,3846,4507
174,2011-06-23,2011,fall,June,Thursday,0,1,Clouds/Mist,30,35,70,16,746,4044,4790
175,2011-06-24,2011,fall,June,Friday,0,1,Good,30,33,57,15,969,4022,4991
176,2011-06-25,2011,fall,June,Saturday,0,0,Good,28,32,48,14,1782,3420,5202
177,2011-06-26,2011,fall,June,Sunday,0,0,Good,28,32,51,6,1920,3385,5305
178,2011-06-27,2011,fall,June,Monday,0,1,Clouds/Mist,28,32,66,7,854,3854,4708
179,2011-06-28,2011,fall,June,Tuesday,0,1,Good,31,35,63,10,732,3916,4648
180,2011-06-29,2011,fall,June,Wednesday,0,1,Good,30,33,50,18,848,4377,5225
181,2011-06-30,2011,fall,June,Thursday,0,1,Good,29,32,43,12,1027,4488,5515
182,2011-07-01,2011,fall,July,Friday,0,1,Good,30,33,40,7,1246,4116,5362
183,2011-07-02,2011,fall,July,Saturday,0,0,Good,30,33,44,8,2204,2915,5119
184,2011-07-03,2011,fall,July,Sunday,0,0,Clouds/Mist,29,33,68,15,2282,2367,4649
185,2011-07-04,2011,fall,July,Monday,1,0,Clouds/Mist,30,33,64,5,3065,2978,6043
186,2011-07-05,2011,fall,July,Tuesday,0,1,Good,31,35,59,8,1031,3634,4665
187,2011-07-06,2011,fall,July,Wednesday,0,1,Good,30,34,74,10,784,3845,4629
188,2011-07-07,2011,fall,July,Thursday,0,1,Good,31,34,65,11,754,3838,4592
189,2011-07-08,2011,fall,July,Friday,0,1,Clouds/Mist,29,34,76,15,692,3348,4040
190,2011-07-09,2011,fall,July,Saturday,0,0,Good,30,33,61,11,1988,3348,5336
191,2011-07-10,2011,fall,July,Sunday,0,0,Good,31,35,58,12,1743,3138,4881
192,2011-07-11,2011,fall,July,Monday,0,1,Good,31,36,64,19,723,3363,4086
193,2011-07-12,2011,fall,July,Tuesday,0,1,Good,33,37,56,13,662,3596,4258
194,2011-07-13,2011,fall,July,Wednesday,0,1,Good,31,34,63,10,748,3594,4342
195,2011-07-14,2011,fall,July,Thursday,0,1,Good,28,32,48,16,888,4196,5084
196,2011-07-15,2011,fall,July,Friday,0,1,Good,27,31,59,12,1318,4220,5538
197,2011-07-16,2011,fall,July,Saturday,0,0,Good,28,32,58,14,2418,3505,5923
198,2011-07-17,2011,fall,July,Sunday,0,0,Good,29,33,60,16,2006,3296,5302
199,2011-07-18,2011,fall,July,Monday,0,1,Good,31,35,65,14,841,3617,4458
200,2011-07-19,2011,fall,July,Tuesday,0,1,Good,32,37,65,9,752,3789,4541
201,2011-07-20,2011,fall,July,Wednesday,0,1,Good,32,37,71,8,644,3688,4332
202,2011-07-21,2011,fall,July,Thursday,0,1,Clouds/Mist,33,41,69,15,632,3152,3784
203,2011-07-22,2011,fall,July,Friday,0,1,Good,35,42,58,9,562,2825,3387
204,2011-07-23,2011,fall,July,Saturday,0,0,Good,35,40,50,9,987,2298,3285
205,2011-07-24,2011,fall,July,Sunday,0,0,Good,34,40,55,11,1050,2556,3606
206,2011-07-25,2011,fall,July,Monday,0,1,Good,30,36,76,6,568,3272,3840
207,2011-07-26,2011,fall,July,Tuesday,0,1,Good,32,35,54,13,750,3840,4590
208,2011-07-27,2011,fall,July,Wednesday,0,1,Good,32,35,40,12,755,3901,4656
209,2011-07-28,2011,fall,July,Thursday,0,1,Good,32,37,58,12,606,3784,4390
210,2011-07-29,2011,fall,July,Friday,0,1,Good,34,39,54,12,670,3176,3846
211,2011-07-30,2011,fall,July,Saturday,0,0,Good,33,36,47,11,1559,2916,4475
212,2011-07-31,2011,fall,July,Sunday,0,0,Good,33,36,48,11,1524,2778,4302
213,2011-08-01,2011,fall,August,Monday,0,1,Good,32,35,55,11,729,3537,4266
214,2011-08-02,2011,fall,August,Tuesday,0,1,Good,32,35,49,14,801,4044,4845
215,2011-08-03,2011,fall,August,Wednesday,0,1,Clouds/Mist,30,34,66,9,467,3107,3574
216,2011-08-04,2011,fall,August,Thursday,0,1,Clouds/Mist,29,33,76,13,799,3777,4576
217,2011-08-05,2011,fall,August,Friday,0,1,Good,29,33,63,12,1023,3843,4866
218,2011-08-06,2011,fall,August,Saturday,0,0,Clouds/Mist,29,34,76,15,1521,2773,4294
219,2011-08-07,2011,fall,August,Sunday,0,0,Good,30,36,75,13,1298,2487,3785
220,2011-08-08,2011,fall,August,Monday,0,1,Good,31,35,59,13,846,3480,4326
221,2011-08-09,2011,fall,August,Tuesday,0,1,Good,32,36,57,10,907,3695,4602
222,2011-08-10,2011,fall,August,Wednesday,0,1,Good,31,34,42,13,884,3896,4780
223,2011-08-11,2011,fall,August,Thursday,0,1,Good,29,33,42,11,812,3980,4792
224,2011-08-12,2011,fall,August,Friday,0,1,Good,29,33,42,8,1051,3854,4905
225,2011-08-13,2011,fall,August,Saturday,0,0,Clouds/Mist,28,32,73,14,1504,2646,4150
226,2011-08-14,2011,fall,August,Sunday,0,0,Clouds/Mist,28,31,82,15,1338,2482,3820
227,2011-08-15,2011,fall,August,Monday,0,1,Good,27,31,71,14,775,3563,4338
228,2011-08-16,2011,fall,August,Tuesday,0,1,Good,29,32,58,16,721,4004,4725
229,2011-08-17,2011,fall,August,Wednesday,0,1,Good,30,33,58,10,668,4026,4694
230,2011-08-18,2011,fall,August,Thursday,0,1,Good,29,33,65,16,639,3166,3805
231,2011-08-19,2011,fall,August,Friday,0,1,Clouds/Mist,28,32,72,9,797,3356,4153
232,2011-08-20,2011,fall,August,Saturday,0,0,Good,29,32,67,7,1914,3277,5191
233,2011-08-21,2011,fall,August,Sunday,0,0,Good,29,34,77,17,1249,2624,3873
234,2011-08-22,2011,fall,August,Monday,0,1,Good,28,32,47,19,833,3925,4758
235,2011-08-23,2011,fall,August,Tuesday,0,1,Good,26,30,46,10,1281,4614,5895
236,2011-08-24,2011,fall,August,Wednesday,0,1,Good,28,32,60,17,949,4181,5130
237,2011-08-25,2011,fall,August,Thursday,0,1,Clouds/Mist,28,32,77,14,435,3107,3542
238,2011-08-26,2011,fall,August,Friday,0,1,Good,29,33,76,6,768,3893,4661
239,2011-08-27,2011,fall,August,Saturday,0,0,Clouds/Mist,28,32,85,25,226,889,1115
240,2011-08-28,2011,fall,August,Sunday,0,0,Good,29,32,56,20,1415,2919,4334
241,2011-08-29,2011,fall,August,Monday,0,1,Good,26,30,55,11,729,3905,4634
242,2011-08-30,2011,fall,August,Tuesday,0,1,Good,26,30,55,8,775,4429,5204
243,2011-08-31,2011,fall,August,Wednesday,0,1,Good,27,31,60,6,688,4370,5058
244,2011-09-01,2011,fall,September,Thursday,0,1,Good,27,31,64,10,783,4332,5115
245,2011-09-02,2011,fall,September,Friday,0,1,Clouds/Mist,26,30,73,9,875,3852,4727
246,2011-09-03,2011,fall,September,Saturday,0,0,Good,27,32,72,12,1935,2549,4484
247,2011-09-04,2011,fall,September,Sunday,0,0,Good,29,33,74,14,2521,2419,4940
248,2011-09-05,2011,fall,September,Monday,1,0,Clouds/Mist,28,31,79,14,1236,2115,3351
249,2011-09-06,2011,fall,September,Tuesday,0,1,Rain/Snow/Storm,22,26,89,23,204,2506,2710
250,2011-09-07,2011,fall,September,Wednesday,0,1,Rain/Snow/Storm,25,27,92,7,118,1878,1996
251,2011-09-08,2011,fall,September,Thursday,0,1,Rain/Snow/Storm,26,28,94,13,153,1689,1842
252,2011-09-09,2011,fall,September,Friday,0,1,Clouds/Mist,27,29,90,8,417,3127,3544
253,2011-09-10,2011,fall,September,Saturday,0,0,Good,27,30,75,10,1750,3595,5345
254,2011-09-11,2011,fall,September,Sunday,0,0,Good,27,30,71,8,1633,3413,5046
255,2011-09-12,2011,fall,September,Monday,0,1,Good,26,30,69,6,690,4023,4713
256,2011-09-13,2011,fall,September,Tuesday,0,1,Good,27,30,71,10,701,4062,4763
257,2011-09-14,2011,fall,September,Wednesday,0,1,Good,28,31,70,11,647,4138,4785
258,2011-09-15,2011,fall,September,Thursday,0,1,Clouds/Mist,24,28,71,18,428,3231,3659
259,2011-09-16,2011,fall,September,Friday,0,1,Clouds/Mist,19,23,59,11,742,4018,4760
260,2011-09-17,2011,fall,September,Saturday,0,0,Clouds/Mist,20,24,72,13,1434,3077,4511
261,2011-09-18,2011,fall,September,Sunday,0,0,Good,21,25,70,12,1353,2921,4274
262,2011-09-19,2011,fall,September,Monday,0,1,Clouds/Mist,23,26,69,10,691,3848,4539
263,2011-09-20,2011,fall,September,Tuesday,0,1,Clouds/Mist,23,27,88,9,438,3203,3641
264,2011-09-21,2011,fall,September,Wednesday,0,1,Clouds/Mist,24,28,90,6,539,3813,4352
265,2011-09-22,2011,fall,September,Thursday,0,1,Clouds/Mist,26,28,90,9,555,4240,4795
266,2011-09-23,2011,winter,September,Friday,0,1,Clouds/Mist,25,26,97,5,258,2137,2395
267,2011-09-24,2011,winter,September,Saturday,0,0,Clouds/Mist,25,28,86,5,1776,3647,5423
268,2011-09-25,2011,winter,September,Sunday,0,0,Clouds/Mist,26,29,84,3,1544,3466,5010
269,2011-09-26,2011,winter,September,Monday,0,1,Clouds/Mist,27,29,85,7,684,3946,4630
270,2011-09-27,2011,winter,September,Tuesday,0,1,Clouds/Mist,26,29,89,8,477,3643,4120
271,2011-09-28,2011,winter,September,Wednesday,0,1,Clouds/Mist,26,29,85,10,480,3427,3907
272,2011-09-29,2011,winter,September,Thursday,0,1,Good,25,29,70,12,653,4186,4839
273,2011-09-30,2011,winter,September,Friday,0,1,Good,23,27,65,14,830,4372,5202
274,2011-10-01,2011,winter,October,Saturday,0,0,Clouds/Mist,17,21,75,20,480,1949,2429
275,2011-10-02,2011,winter,October,Sunday,0,0,Clouds/Mist,15,17,79,15,616,2302,2918
276,2011-10-03,2011,winter,October,Monday,0,1,Clouds/Mist,16,20,76,6,330,3240,3570
277,2011-10-04,2011,winter,October,Tuesday,0,1,Good,20,24,71,14,486,3970,4456
278,2011-10-05,2011,winter,October,Wednesday,0,1,Good,22,26,65,12,559,4267,4826
279,2011-10-06,2011,winter,October,Thursday,0,1,Good,20,24,62,9,639,4126,4765
280,2011-10-07,2011,winter,October,Friday,0,1,Good,21,25,68,2,949,4036,4985
281,2011-10-08,2011,winter,October,Saturday,0,0,Good,21,26,70,3,2235,3174,5409
282,2011-10-09,2011,winter,October,Sunday,0,0,Good,22,26,73,4,2397,3114,5511
283,2011-10-10,2011,winter,October,Monday,1,0,Good,23,27,73,3,1514,3603,5117
284,2011-10-11,2011,winter,October,Tuesday,0,1,Clouds/Mist,23,27,81,10,667,3896,4563
285,2011-10-12,2011,winter,October,Wednesday,0,1,Rain/Snow/Storm,22,26,91,17,217,2199,2416
286,2011-10-13,2011,winter,October,Thursday,0,1,Clouds/Mist,24,28,90,9,290,2623,2913
287,2011-10-14,2011,winter,October,Friday,0,1,Clouds/Mist,23,26,72,15,529,3115,3644
288,2011-10-15,2011,winter,October,Saturday,0,0,Good,21,25,48,17,1899,3318,5217
289,2011-10-16,2011,winter,October,Sunday,0,0,Good,21,25,49,19,1748,3293,5041
290,2011-10-17,2011,winter,October,Monday,0,1,Good,22,26,58,12,713,3857,4570
291,2011-10-18,2011,winter,October,Tuesday,0,1,Clouds/Mist,22,26,70,7,637,4111,4748
292,2011-10-19,2011,winter,October,Wednesday,0,1,Rain/Snow/Storm,22,26,90,16,254,2170,2424
293,2011-10-20,2011,winter,October,Thursday,0,1,Good,20,23,64,28,471,3724,4195
294,2011-10-21,2011,winter,October,Friday,0,1,Good,18,21,57,15,676,3628,4304
295,2011-10-22,2011,winter,October,Saturday,0,0,Good,17,21,63,6,1499,2809,4308
296,2011-10-23,2011,winter,October,Sunday,0,0,Good,17,21,74,7,1619,2762,4381
297,2011-10-24,2011,winter,October,Monday,0,1,Good,19,23,77,8,699,3488,4187
298,2011-10-25,2011,winter,October,Tuesday,0,1,Good,19,23,62,11,695,3992,4687
299,2011-10-26,2011,winter,October,Wednesday,0,1,Clouds/Mist,20,24,72,10,404,3490,3894
300,2011-10-27,2011,winter,October,Thursday,0,1,Clouds/Mist,19,23,81,13,240,2419,2659
301,2011-10-28,2011,winter,October,Friday,0,1,Clouds/Mist,14,16,59,15,456,3291,3747
302,2011-10-29,2011,winter,October,Saturday,0,0,Rain/Snow/Storm,10,11,88,24,57,570,627
303,2011-10-30,2011,winter,October,Sunday,0,0,Good,13,16,62,12,885,2446,3331
304,2011-10-31,2011,winter,October,Monday,0,1,Good,14,18,70,7,362,3307,3669
305,2011-11-01,2011,winter,November,Tuesday,0,1,Good,16,20,68,9,410,3658,4068
306,2011-11-02,2011,winter,November,Wednesday,0,1,Good,15,20,72,6,370,3816,4186
307,2011-11-03,2011,winter,November,Thursday,0,1,Good,17,20,70,9,318,3656,3974
308,2011-11-04,2011,winter,November,Friday,0,1,Clouds/Mist,17,20,62,18,470,3576,4046
309,2011-11-05,2011,winter,November,Saturday,0,0,Good,13,16,52,13,1156,2770,3926
310,2011-11-06,2011,winter,November,Sunday,0,0,Good,14,18,73,6,952,2697,3649
311,2011-11-07,2011,winter,November,Monday,0,1,Good,16,20,76,4,373,3662,4035
312,2011-11-08,2011,winter,November,Tuesday,0,1,Good,17,21,72,5,376,3829,4205
313,2011-11-09,2011,winter,November,Wednesday,0,1,Good,16,20,76,4,305,3804,4109
314,2011-11-10,2011,winter,November,Thursday,0,1,Clouds/Mist,16,19,81,13,190,2743,2933
315,2011-11-11,2011,winter,November,Friday,1,0,Good,13,15,45,21,440,2928,3368
316,2011-11-12,2011,winter,November,Saturday,0,0,Good,15,18,55,14,1275,2792,4067
317,2011-11-13,2011,winter,November,Sunday,0,0,Good,18,22,46,19,1004,2713,3717
318,2011-11-14,2011,winter,November,Monday,0,1,Good,22,26,59,21,595,3891,4486
319,2011-11-15,2011,winter,November,Tuesday,0,1,Clouds/Mist,22,25,69,13,449,3746,4195
320,2011-11-16,2011,winter,November,Wednesday,0,1,Rain/Snow/Storm,19,23,93,9,145,1672,1817
321,2011-11-17,2011,winter,November,Thursday,0,1,Clouds/Mist,14,16,58,20,139,2914,3053
322,2011-11-18,2011,winter,November,Friday,0,1,Good,11,14,41,11,245,3147,3392
323,2011-11-19,2011,winter,November,Saturday,0,0,Good,13,16,50,15,943,2720,3663
324,2011-11-20,2011,winter,November,Sunday,0,0,Clouds/Mist,19,23,68,12,787,2733,3520
325,2011-11-21,2011,winter,November,Monday,0,1,Rain/Snow/Storm,18,22,91,9,220,2545,2765
326,2011-11-22,2011,winter,November,Tuesday,0,1,Rain/Snow/Storm,17,21,96,8,69,1538,1607
327,2011-11-23,2011,winter,November,Wednesday,0,1,Clouds/Mist,18,22,76,23,112,2454,2566
328,2011-11-24,2011,winter,November,Thursday,1,0,Good,15,19,55,11,560,935,1495
329,2011-11-25,2011,winter,November,Friday,0,1,Good,15,19,64,7,1095,1697,2792
330,2011-11-26,2011,winter,November,Saturday,0,0,Good,15,19,68,5,1249,1819,3068
331,2011-11-27,2011,winter,November,Sunday,0,0,Good,19,23,70,14,810,2261,3071
332,2011-11-28,2011,winter,November,Monday,0,1,Good,21,25,74,10,253,3614,3867
333,2011-11-29,2011,winter,November,Tuesday,0,1,Clouds/Mist,19,23,83,17,96,2818,2914
334,2011-11-30,2011,winter,November,Wednesday,0,1,Good,13,16,61,18,188,3425,3613
335,2011-12-01,2011,winter,December,Thursday,0,1,Good,13,15,52,15,182,3545,3727
336,2011-12-02,2011,winter,December,Friday,0,1,Good,13,17,63,7,268,3672,3940
337,2011-12-03,2011,winter,December,Saturday,0,0,Good,12,16,61,6,706,2908,3614
338,2011-12-04,2011,winter,December,Sunday,0,0,Good,14,17,78,6,634,2851,3485
339,2011-12-05,2011,winter,December,Monday,0,1,Clouds/Mist,16,20,83,4,233,3578,3811
340,2011-12-06,2011,winter,December,Tuesday,0,1,Rain/Snow/Storm,19,23,95,16,126,2468,2594
341,2011-12-07,2011,winter,December,Wednesday,0,1,Rain/Snow/Storm,17,20,97,18,50,655,705
342,2011-12-08,2011,winter,December,Thursday,0,1,Good,11,13,58,16,150,3172,3322
343,2011-12-09,2011,winter,December,Friday,0,1,Good,12,16,70,6,261,3359,3620
344,2011-12-10,2011,winter,December,Saturday,0,0,Good,11,13,51,16,502,2688,3190
345,2011-12-11,2011,winter,December,Sunday,0,0,Good,9,13,49,4,377,2366,2743
346,2011-12-12,2011,winter,December,Monday,0,1,Good,10,14,67,4,143,3167,3310
347,2011-12-13,2011,winter,December,Tuesday,0,1,Good,12,15,59,9,155,3368,3523
348,2011-12-14,2011,winter,December,Wednesday,0,1,Clouds/Mist,13,17,66,4,178,3562,3740
349,2011-12-15,2011,winter,December,Thursday,0,1,Clouds/Mist,17,21,63,18,181,3528,3709
350,2011-12-16,2011,winter,December,Friday,0,1,Clouds/Mist,15,18,50,17,178,3399,3577
351,2011-12-17,2011,winter,December,Saturday,0,0,Clouds/Mist,11,12,56,16,275,2464,2739
352,2011-12-18,2011,winter,December,Sunday,0,0,Good,10,12,59,11,220,2211,2431
353,2011-12-19,2011,winter,December,Monday,0,1,Good,11,14,64,12,260,3143,3403
354,2011-12-20,2011,winter,December,Tuesday,0,1,Clouds/Mist,16,20,60,4,216,3534,3750
355,2011-12-21,2011,spring,December,Wednesday,0,1,Clouds/Mist,18,21,86,15,107,2553,2660
356,2011-12-22,2011,spring,December,Thursday,0,1,Clouds/Mist,17,21,76,3,227,2841,3068
357,2011-12-23,2011,spring,December,Friday,0,1,Good,15,19,69,18,163,2046,2209
358,2011-12-24,2011,spring,December,Saturday,0,0,Good,12,15,54,13,155,856,1011
359,2011-12-25,2011,spring,December,Sunday,0,0,Good,11,14,68,10,303,451,754
360,2011-12-26,2011,spring,December,Monday,1,0,Good,13,16,51,16,430,887,1317
361,2011-12-27,2011,spring,December,Tuesday,0,1,Clouds/Mist,13,16,76,13,103,1059,1162
362,2011-12-28,2011,spring,December,Wednesday,0,1,Good,12,14,50,20,255,2047,2302
363,2011-12-29,2011,spring,December,Thursday,0,1,Good,10,13,57,8,254,2169,2423
364,2011-12-30,2011,spring,December,Friday,0,1,Good,13,16,64,9,491,2508,2999
365,2011-12-31,2011,spring,December,Saturday,0,0,Good,17,21,62,15,665,1820,2485
366,2012-01-01,2012,spring,January,Sunday,0,0,Good,15,19,69,13,686,1608,2294
367,2012-01-02,2012,spring,January,Monday,1,0,Good,11,13,38,22,244,1707,1951
368,2012-01-03,2012,spring,January,Tuesday,0,1,Good,6,6,44,24,89,2147,2236
369,2012-01-04,2012,spring,January,Wednesday,0,1,Clouds/Mist,4,6,41,12,95,2273,2368
370,2012-01-05,2012,spring,January,Thursday,0,1,Good,11,14,52,9,140,3132,3272
371,2012-01-06,2012,spring,January,Friday,0,1,Good,14,17,54,11,307,3791,4098
372,2012-01-07,2012,spring,January,Saturday,0,0,Good,16,20,53,12,1070,3451,4521
373,2012-01-08,2012,spring,January,Sunday,0,0,Good,14,17,46,13,599,2826,3425
374,2012-01-09,2012,spring,January,Monday,0,1,Clouds/Mist,9,12,70,7,106,2270,2376
375,2012-01-10,2012,spring,January,Tuesday,0,1,Good,13,16,65,13,173,3425,3598
376,2012-01-11,2012,spring,January,Wednesday,0,1,Clouds/Mist,11,14,85,9,92,2085,2177
377,2012-01-12,2012,spring,January,Thursday,0,1,Clouds/Mist,16,19,80,12,269,3828,4097
378,2012-01-13,2012,spring,January,Friday,0,1,Good,11,12,51,25,174,3040,3214
379,2012-01-14,2012,spring,January,Saturday,0,0,Good,7,9,46,13,333,2160,2493
380,2012-01-15,2012,spring,January,Sunday,0,0,Good,7,8,42,17,284,2027,2311
381,2012-01-16,2012,spring,January,Monday,1,0,Good,8,10,52,16,217,2081,2298
382,2012-01-17,2012,spring,January,Tuesday,0,1,Clouds/Mist,15,18,72,23,127,2808,2935
383,2012-01-18,2012,spring,January,Wednesday,0,1,Good,12,14,44,28,109,3267,3376
384,2012-01-19,2012,spring,January,Thursday,0,1,Good,8,10,50,15,130,3162,3292
385,2012-01-20,2012,spring,January,Friday,0,1,Clouds/Mist,9,11,45,14,115,3048,3163
386,2012-01-21,2012,spring,January,Saturday,0,0,Clouds/Mist,7,9,83,15,67,1234,1301
387,2012-01-22,2012,spring,January,Sunday,0,0,Clouds/Mist,7,8,80,13,196,1781,1977
388,2012-01-23,2012,spring,January,Monday,0,1,Clouds/Mist,9,12,91,7,145,2287,2432
389,2012-01-24,2012,spring,January,Tuesday,0,1,Good,14,17,84,8,439,3900,4339
390,2012-01-25,2012,spring,January,Wednesday,0,1,Good,12,15,64,11,467,3803,4270
391,2012-01-26,2012,spring,January,Thursday,0,1,Clouds/Mist,14,18,77,5,244,3831,4075
392,2012-01-27,2012,spring,January,Friday,0,1,Clouds/Mist,17,21,74,23,269,3187,3456
393,2012-01-28,2012,spring,January,Saturday,0,0,Good,13,16,54,14,775,3248,4023
394,2012-01-29,2012,spring,January,Sunday,0,0,Good,12,14,31,16,558,2685,3243
395,2012-01-30,2012,spring,January,Monday,0,1,Good,11,13,40,14,126,3498,3624
396,2012-01-31,2012,spring,January,Tuesday,0,1,Good,16,19,42,18,324,4185,4509
397,2012-02-01,2012,spring,February,Wednesday,0,1,Good,19,23,51,13,304,4275,4579
398,2012-02-02,2012,spring,February,Thursday,0,1,Clouds/Mist,16,20,67,13,190,3571,3761
399,2012-02-03,2012,spring,February,Friday,0,1,Good,13,15,53,12,310,3841,4151
400,2012-02-04,2012,spring,February,Saturday,0,0,Clouds/Mist,11,14,78,8,384,2448,2832
401,2012-02-05,2012,spring,February,Sunday,0,0,Clouds/Mist,11,13,69,12,318,2629,2947
402,2012-02-06,2012,spring,February,Monday,0,1,Good,12,15,62,10,206,3578,3784
403,2012-02-07,2012,spring,February,Tuesday,0,1,Good,15,18,50,10,199,4176,4375
404,2012-02-08,2012,spring,February,Wednesday,0,1,Clouds/Mist,11,13,72,9,109,2693,2802
405,2012-02-09,2012,spring,February,Thursday,0,1,Good,11,13,56,13,163,3667,3830
406,2012-02-10,2012,spring,February,Friday,0,1,Clouds/Mist,12,15,54,8,227,3604,3831
407,2012-02-11,2012,spring,February,Saturday,0,0,Rain/Snow/Storm,9,11,73,19,192,1977,2169
408,2012-02-12,2012,spring,February,Sunday,0,0,Good,5,5,46,27,73,1456,1529
409,2012-02-13,2012,spring,February,Monday,0,1,Good,9,11,41,11,94,3328,3422
410,2012-02-14,2012,spring,February,Tuesday,0,1,Clouds/Mist,13,17,51,9,135,3787,3922
411,2012-02-15,2012,spring,February,Wednesday,0,1,Good,14,18,53,12,141,4028,4169
412,2012-02-16,2012,spring,February,Thursday,0,1,Clouds/Mist,13,17,75,6,74,2931,3005
413,2012-02-17,2012,spring,February,Friday,0,1,Good,14,18,63,14,349,3805,4154
414,2012-02-18,2012,spring,February,Saturday,0,0,Good,14,18,53,13,1435,2883,4318
415,2012-02-19,2012,spring,February,Sunday,0,0,Clouds/Mist,11,13,52,17,618,2071,2689
416,2012-02-20,2012,spring,February,Monday,1,0,Good,11,14,51,15,502,2627,3129
417,2012-02-21,2012,spring,February,Tuesday,0,1,Good,12,15,59,14,163,3614,3777
418,2012-02-22,2012,spring,February,Wednesday,0,1,Good,16,20,57,16,394,4379,4773
419,2012-02-23,2012,spring,February,Thursday,0,1,Good,19,22,55,13,516,4546,5062
420,2012-02-24,2012,spring,February,Friday,0,1,Clouds/Mist,17,21,74,16,246,3241,3487
421,2012-02-25,2012,spring,February,Saturday,0,0,Good,12,13,40,28,317,2415,2732
422,2012-02-26,2012,spring,February,Sunday,0,0,Good,11,13,41,14,515,2874,3389
423,2012-02-27,2012,spring,February,Monday,0,1,Good,15,18,49,18,253,4069,4322
424,2012-02-28,2012,spring,February,Tuesday,0,1,Good,15,18,40,13,229,4134,4363
425,2012-02-29,2012,spring,February,Wednesday,0,1,Clouds/Mist,14,17,80,12,65,1769,1834
426,2012-03-01,2012,spring,March,Thursday,0,1,Good,20,24,62,15,325,4665,4990
427,2012-03-02,2012,spring,March,Friday,0,1,Clouds/Mist,14,18,66,10,246,2948,3194
428,2012-03-03,2012,spring,March,Saturday,0,0,Clouds/Mist,17,21,62,11,956,3110,4066
429,2012-03-04,2012,spring,March,Sunday,0,0,Good,13,15,40,22,710,2713,3423
430,2012-03-05,2012,spring,March,Monday,0,1,Good,10,12,51,15,203,3130,3333
431,2012-03-06,2012,spring,March,Tuesday,0,1,Good,11,13,46,13,221,3735,3956
432,2012-03-07,2012,spring,March,Wednesday,0,1,Good,17,19,51,23,432,4484,4916
433,2012-03-08,2012,spring,March,Thursday,0,1,Good,22,26,57,30,486,4896,5382
434,2012-03-09,2012,spring,March,Friday,0,1,Clouds/Mist,17,20,41,28,447,4122,4569
435,2012-03-10,2012,spring,March,Saturday,0,0,Good,12,14,35,15,968,3150,4118
436,2012-03-11,2012,spring,March,Sunday,0,0,Good,15,18,48,15,1658,3253,4911
437,2012-03-12,2012,spring,March,Monday,0,1,Good,19,23,49,14,838,4460,5298
438,2012-03-13,2012,spring,March,Tuesday,0,1,Good,23,27,62,16,762,5085,5847
439,2012-03-14,2012,spring,March,Wednesday,0,1,Good,23,27,51,8,997,5315,6312
440,2012-03-15,2012,spring,March,Thursday,0,1,Good,23,27,58,10,1005,5187,6192
441,2012-03-16,2012,spring,March,Friday,0,1,Clouds/Mist,18,22,84,8,548,3830,4378
442,2012-03-17,2012,spring,March,Saturday,0,0,Clouds/Mist,21,25,76,7,3155,4681,7836
443,2012-03-18,2012,spring,March,Sunday,0,0,Clouds/Mist,19,23,81,9,2207,3685,5892
444,2012-03-19,2012,spring,March,Monday,0,1,Good,22,27,73,11,982,5171,6153
445,2012-03-20,2012,spring,March,Tuesday,0,1,Good,23,27,81,8,1051,5042,6093
446,2012-03-21,2012,summer,March,Wednesday,0,1,Clouds/Mist,22,26,82,6,1122,5108,6230
447,2012-03-22,2012,summer,March,Thursday,0,1,Good,23,27,83,8,1334,5537,6871
448,2012-03-23,2012,summer,March,Friday,0,1,Clouds/Mist,25,29,69,8,2469,5893,8362
449,2012-03-24,2012,summer,March,Saturday,0,0,Clouds/Mist,21,24,89,13,1033,2339,3372
450,2012-03-25,2012,summer,March,Sunday,0,0,Clouds/Mist,18,22,88,15,1532,3464,4996
451,2012-03-26,2012,summer,March,Monday,0,1,Good,18,22,48,26,795,4763,5558
452,2012-03-27,2012,summer,March,Tuesday,0,1,Good,13,16,29,13,531,4571,5102
453,2012-03-28,2012,summer,March,Wednesday,0,1,Good,20,24,48,20,674,5024,5698
454,2012-03-29,2012,summer,March,Thursday,0,1,Good,20,24,44,21,834,5299,6133
455,2012-03-30,2012,summer,March,Friday,0,1,Clouds/Mist,15,19,58,9,796,4663,5459
456,2012-03-31,2012,summer,March,Saturday,0,0,Clouds/Mist,17,21,74,17,2301,3934,6235
457,2012-04-01,2012,summer,April,Sunday,0,0,Clouds/Mist,17,21,68,12,2347,3694,6041
458,2012-04-02,2012,summer,April,Monday,0,1,Good,18,21,50,21,1208,4728,5936
459,2012-04-03,2012,summer,April,Tuesday,0,1,Good,19,23,40,7,1348,5424,6772
460,2012-04-04,2012,summer,April,Wednesday,0,1,Good,22,27,47,12,1058,5378,6436
461,2012-04-05,2012,summer,April,Thursday,0,1,Good,18,22,37,15,1192,5265,6457
462,2012-04-06,2012,summer,April,Friday,0,1,Good,17,20,38,20,1807,4653,6460
463,2012-04-07,2012,summer,April,Saturday,0,0,Good,18,21,25,18,3252,3605,6857
464,2012-04-08,2012,summer,April,Sunday,0,0,Good,20,25,28,16,2230,2939,5169
465,2012-04-09,2012,summer,April,Monday,0,1,Good,20,24,32,24,905,4680,5585
466,2012-04-10,2012,summer,April,Tuesday,0,1,Good,18,22,44,17,819,5099,5918
467,2012-04-11,2012,summer,April,Wednesday,0,1,Good,14,17,47,20,482,4380,4862
468,2012-04-12,2012,summer,April,Thursday,0,1,Good,16,19,47,19,663,4746,5409
469,2012-04-13,2012,summer,April,Friday,0,1,Good,18,22,41,10,1252,5146,6398
470,2012-04-14,2012,summer,April,Saturday,0,0,Good,20,24,50,13,2795,4665,7460
471,2012-04-15,2012,summer,April,Sunday,0,0,Good,25,29,51,15,2846,4286,7132
472,2012-04-16,2012,summer,April,Monday,1,0,Good,27,31,56,19,1198,5172,6370
473,2012-04-17,2012,summer,April,Tuesday,0,1,Good,25,30,39,18,989,5702,6691
474,2012-04-18,2012,summer,April,Wednesday,0,1,Clouds/Mist,19,23,57,11,347,4020,4367
475,2012-04-19,2012,summer,April,Thursday,0,1,Good,20,25,61,4,846,5719,6565
476,2012-04-20,2012,summer,April,Friday,0,1,Good,22,26,69,10,1340,5950,7290
477,2012-04-21,2012,summer,April,Saturday,0,0,Good,23,27,68,19,2541,4083,6624
478,2012-04-22,2012,summer,April,Sunday,0,0,Rain/Snow/Storm,16,19,84,23,120,907,1027
479,2012-04-23,2012,summer,April,Monday,0,1,Clouds/Mist,13,15,77,20,195,3019,3214
480,2012-04-24,2012,summer,April,Tuesday,0,1,Good,17,20,45,17,518,5115,5633
481,2012-04-25,2012,summer,April,Wednesday,0,1,Good,20,24,43,8,655,5541,6196
482,2012-04-26,2012,summer,April,Thursday,0,1,Clouds/Mist,20,24,76,12,475,4551,5026
483,2012-04-27,2012,summer,April,Friday,0,1,Good,19,23,40,23,1014,5219,6233
484,2012-04-28,2012,summer,April,Saturday,0,0,Clouds/Mist,15,19,49,9,1120,3100,4220
485,2012-04-29,2012,summer,April,Sunday,0,0,Good,19,23,59,8,2229,4075,6304
486,2012-04-30,2012,summer,April,Monday,0,1,Clouds/Mist,19,23,57,11,665,4907,5572
487,2012-05-01,2012,summer,May,Tuesday,0,1,Clouds/Mist,25,29,66,10,653,5087,5740
488,2012-05-02,2012,summer,May,Wednesday,0,1,Good,23,27,80,9,667,5502,6169
489,2012-05-03,2012,summer,May,Thursday,0,1,Clouds/Mist,23,27,77,9,764,5657,6421
490,2012-05-04,2012,summer,May,Friday,0,1,Good,26,30,74,11,1069,5227,6296
491,2012-05-05,2012,summer,May,Saturday,0,0,Clouds/Mist,25,29,76,10,2496,4387,6883
492,2012-05-06,2012,summer,May,Sunday,0,0,Clouds/Mist,23,27,74,10,2135,4224,6359
493,2012-05-07,2012,summer,May,Monday,0,1,Clouds/Mist,22,26,66,15,1008,5265,6273
494,2012-05-08,2012,summer,May,Tuesday,0,1,Clouds/Mist,24,28,69,20,738,4990,5728
495,2012-05-09,2012,summer,May,Wednesday,0,1,Clouds/Mist,24,28,74,14,620,4097,4717
496,2012-05-10,2012,summer,May,Thursday,0,1,Good,21,25,55,21,1026,5546,6572
497,2012-05-11,2012,summer,May,Friday,0,1,Good,22,26,36,16,1319,5711,7030
498,2012-05-12,2012,summer,May,Saturday,0,0,Good,23,27,48,8,2622,4807,7429
499,2012-05-13,2012,summer,May,Sunday,0,0,Good,25,29,58,15,2172,3946,6118
500,2012-05-14,2012,summer,May,Monday,0,1,Clouds/Mist,24,27,79,14,342,2501,2843
501,2012-05-15,2012,summer,May,Tuesday,0,1,Clouds/Mist,25,29,79,10,625,4490,5115
502,2012-05-16,2012,summer,May,Wednesday,0,1,Good,26,30,70,8,991,6433,7424
503,2012-05-17,2012,summer,May,Thursday,0,1,Good,24,29,52,15,1242,6142,7384
504,2012-05-18,2012,summer,May,Friday,0,1,Good,23,28,52,9,1521,6118,7639
505,2012-05-19,2012,summer,May,Saturday,0,0,Good,25,28,46,6,3410,4884,8294
506,2012-05-20,2012,summer,May,Sunday,0,0,Good,25,29,53,17,2704,4425,7129
507,2012-05-21,2012,summer,May,Monday,0,1,Clouds/Mist,25,28,81,16,630,3729,4359
508,2012-05-22,2012,summer,May,Tuesday,0,1,Clouds/Mist,25,29,77,8,819,5254,6073
509,2012-05-23,2012,summer,May,Wednesday,0,1,Clouds/Mist,25,29,77,7,766,4494,5260
510,2012-05-24,2012,summer,May,Thursday,0,1,Good,27,30,72,12,1059,5711,6770
511,2012-05-25,2012,summer,May,Friday,0,1,Good,28,31,75,9,1417,5317,6734
512,2012-05-26,2012,summer,May,Saturday,0,0,Good,28,32,73,13,2855,3681,6536
513,2012-05-27,2012,summer,May,Sunday,0,0,Good,28,32,70,14,3283,3308,6591
514,2012-05-28,2012,summer,May,Monday,1,0,Good,29,34,68,13,2557,3486,6043
515,2012-05-29,2012,summer,May,Tuesday,0,1,Good,30,34,68,20,880,4863,5743
516,2012-05-30,2012,summer,May,Wednesday,0,1,Clouds/Mist,27,31,67,9,745,6110,6855
517,2012-05-31,2012,summer,May,Thursday,0,1,Good,28,32,49,13,1100,6238,7338
518,2012-06-01,2012,summer,June,Friday,0,1,Clouds/Mist,27,30,76,16,533,3594,4127
519,2012-06-02,2012,summer,June,Saturday,0,0,Good,24,28,55,12,2795,5325,8120
520,2012-06-03,2012,summer,June,Sunday,0,0,Good,25,29,49,12,2494,5147,7641
521,2012-06-04,2012,summer,June,Monday,0,1,Good,24,29,49,19,1071,5927,6998
522,2012-06-05,2012,summer,June,Tuesday,0,1,Clouds/Mist,22,26,61,14,968,6033,7001
523,2012-06-06,2012,summer,June,Wednesday,0,1,Good,23,27,61,5,1027,6028,7055
524,2012-06-07,2012,summer,June,Thursday,0,1,Good,25,28,57,11,1038,6456,7494
525,2012-06-08,2012,summer,June,Friday,0,1,Good,27,30,47,12,1488,6248,7736
526,2012-06-09,2012,summer,June,Saturday,0,0,Good,29,32,44,10,2708,4790,7498
527,2012-06-10,2012,summer,June,Sunday,0,0,Good,30,33,54,9,2224,4374,6598
528,2012-06-11,2012,summer,June,Monday,0,1,Clouds/Mist,30,33,59,14,1017,5647,6664
529,2012-06-12,2012,summer,June,Tuesday,0,1,Clouds/Mist,27,30,83,14,477,4495,4972
530,2012-06-13,2012,summer,June,Wednesday,0,1,Good,27,31,58,23,1173,6248,7421
531,2012-06-14,2012,summer,June,Thursday,0,1,Good,27,31,57,17,1180,6183,7363
532,2012-06-15,2012,summer,June,Friday,0,1,Good,26,30,59,12,1563,6102,7665
533,2012-06-16,2012,summer,June,Saturday,0,0,Good,26,30,50,11,2963,4739,7702
534,2012-06-17,2012,summer,June,Sunday,0,0,Good,24,29,60,10,2634,4344,6978
535,2012-06-18,2012,summer,June,Monday,0,1,Clouds/Mist,23,27,78,12,653,4446,5099
536,2012-06-19,2012,summer,June,Tuesday,0,1,Good,28,33,69,10,968,5857,6825
537,2012-06-20,2012,summer,June,Wednesday,0,1,Good,32,36,59,8,872,5339,6211
538,2012-06-21,2012,fall,June,Thursday,0,1,Good,33,38,57,8,778,5127,5905
539,2012-06-22,2012,fall,June,Friday,0,1,Good,32,36,57,12,964,4859,5823
540,2012-06-23,2012,fall,June,Saturday,0,0,Good,30,33,53,12,2657,4801,7458
541,2012-06-24,2012,fall,June,Sunday,0,0,Good,30,34,48,10,2551,4340,6891
542,2012-06-25,2012,fall,June,Monday,0,1,Good,29,33,50,20,1139,5640,6779
543,2012-06-26,2012,fall,June,Tuesday,0,1,Good,26,30,37,23,1077,6365,7442
544,2012-06-27,2012,fall,June,Wednesday,0,1,Good,29,32,36,18,1077,6258,7335
545,2012-06-28,2012,fall,June,Thursday,0,1,Good,31,34,42,12,921,5958,6879
546,2012-06-29,2012,fall,June,Friday,0,1,Good,34,39,49,11,829,4634,5463
547,2012-06-30,2012,fall,June,Saturday,0,0,Good,31,34,60,11,1455,4232,5687
548,2012-07-01,2012,fall,July,Sunday,0,0,Good,33,38,52,11,1421,4110,5531
549,2012-07-02,2012,fall,July,Monday,0,1,Good,32,35,45,13,904,5323,6227
550,2012-07-03,2012,fall,July,Tuesday,0,1,Good,32,35,49,8,1052,5608,6660
551,2012-07-04,2012,fall,July,Wednesday,1,0,Good,32,37,54,9,2562,4841,7403
552,2012-07-05,2012,fall,July,Thursday,0,1,Good,34,38,46,13,1405,4836,6241
553,2012-07-06,2012,fall,July,Friday,0,1,Good,34,38,45,10,1366,4841,6207
554,2012-07-07,2012,fall,July,Saturday,0,0,Good,35,40,49,11,1448,3392,4840
555,2012-07-08,2012,fall,July,Sunday,0,0,Good,34,40,57,8,1203,3469,4672
556,2012-07-09,2012,fall,July,Monday,0,1,Clouds/Mist,29,33,68,12,998,5571,6569
557,2012-07-10,2012,fall,July,Tuesday,0,1,Clouds/Mist,30,33,67,10,954,5336,6290
558,2012-07-11,2012,fall,July,Wednesday,0,1,Good,29,33,63,10,975,6289,7264
559,2012-07-12,2012,fall,July,Thursday,0,1,Good,29,33,53,10,1032,6414,7446
560,2012-07-13,2012,fall,July,Friday,0,1,Clouds/Mist,30,33,49,5,1511,5988,7499
561,2012-07-14,2012,fall,July,Saturday,0,0,Clouds/Mist,29,33,70,10,2355,4614,6969
562,2012-07-15,2012,fall,July,Sunday,0,0,Good,31,35,72,11,1920,4111,6031
563,2012-07-16,2012,fall,July,Monday,0,1,Good,31,36,64,11,1088,5742,6830
564,2012-07-17,2012,fall,July,Tuesday,0,1,Good,34,38,51,8,921,5865,6786
565,2012-07-18,2012,fall,July,Wednesday,0,1,Good,33,37,58,9,799,4914,5713
566,2012-07-19,2012,fall,July,Thursday,0,1,Good,32,36,60,11,888,5703,6591
567,2012-07-20,2012,fall,July,Friday,0,1,Clouds/Mist,27,31,84,14,747,5123,5870
568,2012-07-21,2012,fall,July,Saturday,0,0,Rain/Snow/Storm,24,27,87,14,1264,3195,4459
569,2012-07-22,2012,fall,July,Sunday,0,0,Clouds/Mist,27,31,76,6,2544,4866,7410
570,2012-07-23,2012,fall,July,Monday,0,1,Good,30,35,69,9,1135,5831,6966
571,2012-07-24,2012,fall,July,Tuesday,0,1,Good,31,35,66,14,1140,6452,7592
572,2012-07-25,2012,fall,July,Wednesday,0,1,Good,30,33,45,11,1383,6790,8173
573,2012-07-26,2012,fall,July,Thursday,0,1,Good,32,37,60,19,1036,5825,6861
574,2012-07-27,2012,fall,July,Friday,0,1,Good,32,37,59,10,1259,5645,6904
575,2012-07-28,2012,fall,July,Saturday,0,0,Good,31,35,61,11,2234,4451,6685
576,2012-07-29,2012,fall,July,Sunday,0,0,Good,30,33,62,11,2153,4444,6597
577,2012-07-30,2012,fall,July,Monday,0,1,Good,30,34,67,10,1040,6065,7105
578,2012-07-31,2012,fall,July,Tuesday,0,1,Good,29,33,70,11,968,6248,7216
579,2012-08-01,2012,fall,August,Wednesday,0,1,Good,29,33,68,9,1074,6506,7580
580,2012-08-02,2012,fall,August,Thursday,0,1,Good,31,35,66,9,983,6278,7261
581,2012-08-03,2012,fall,August,Friday,0,1,Clouds/Mist,31,36,64,14,1328,5847,7175
582,2012-08-04,2012,fall,August,Saturday,0,0,Good,33,38,61,17,2345,4479,6824
583,2012-08-05,2012,fall,August,Sunday,0,0,Good,32,37,65,19,1707,3757,5464
584,2012-08-06,2012,fall,August,Monday,0,1,Clouds/Mist,31,36,65,9,1233,5780,7013
585,2012-08-07,2012,fall,August,Tuesday,0,1,Clouds/Mist,30,35,70,8,1278,5995,7273
586,2012-08-08,2012,fall,August,Wednesday,0,1,Clouds/Mist,31,35,67,7,1263,6271,7534
587,2012-08-09,2012,fall,August,Thursday,0,1,Good,31,35,62,10,1196,6090,7286
588,2012-08-10,2012,fall,August,Friday,0,1,Clouds/Mist,29,33,72,16,1065,4721,5786
589,2012-08-11,2012,fall,August,Saturday,0,0,Clouds/Mist,28,32,73,14,2247,4052,6299
590,2012-08-12,2012,fall,August,Sunday,0,0,Good,29,32,53,8,2182,4362,6544
591,2012-08-13,2012,fall,August,Monday,0,1,Good,30,33,55,9,1207,5676,6883
592,2012-08-14,2012,fall,August,Tuesday,0,1,Good,30,34,69,11,1128,5656,6784
593,2012-08-15,2012,fall,August,Wednesday,0,1,Good,29,33,62,11,1198,6149,7347
594,2012-08-16,2012,fall,August,Thursday,0,1,Good,29,33,52,10,1338,6267,7605
595,2012-08-17,2012,fall,August,Friday,0,1,Good,30,12,57,16,1483,5665,7148
596,2012-08-18,2012,fall,August,Saturday,0,0,Good,28,31,60,12,2827,5038,7865
597,2012-08-19,2012,fall,August,Sunday,0,0,Clouds/Mist,26,30,71,6,1208,3341,4549
598,2012-08-20,2012,fall,August,Monday,0,1,Clouds/Mist,26,30,73,9,1026,5504,6530
599,2012-08-21,2012,fall,August,Tuesday,0,1,Good,27,30,67,5,1081,5925,7006
600,2012-08-22,2012,fall,August,Wednesday,0,1,Good,27,31,68,5,1094,6281,7375
601,2012-08-23,2012,fall,August,Thursday,0,1,Good,29,32,64,6,1363,6402,7765
602,2012-08-24,2012,fall,August,Friday,0,1,Clouds/Mist,29,32,62,5,1325,6257,7582
603,2012-08-25,2012,fall,August,Saturday,0,0,Clouds/Mist,27,31,71,16,1829,4224,6053
604,2012-08-26,2012,fall,August,Sunday,0,0,Clouds/Mist,27,30,85,15,1483,3772,5255
605,2012-08-27,2012,fall,August,Monday,0,1,Good,29,33,73,9,989,5928,6917
606,2012-08-28,2012,fall,August,Tuesday,0,1,Good,30,33,62,13,935,6105,7040
607,2012-08-29,2012,fall,August,Wednesday,0,1,Good,28,32,55,8,1177,6520,7697
608,2012-08-30,2012,fall,August,Thursday,0,1,Good,29,33,59,5,1172,6541,7713
609,2012-08-31,2012,fall,August,Friday,0,1,Good,31,34,59,11,1433,5917,7350
610,2012-09-01,2012,fall,September,Saturday,0,0,Clouds/Mist,31,35,64,8,2352,3788,6140
611,2012-09-02,2012,fall,September,Sunday,0,0,Clouds/Mist,29,32,82,4,2613,3197,5810
612,2012-09-03,2012,fall,September,Monday,1,0,Good,29,33,79,10,1965,4069,6034
613,2012-09-04,2012,fall,September,Tuesday,0,1,Good,30,34,76,16,867,5997,6864
614,2012-09-05,2012,fall,September,Wednesday,0,1,Good,30,35,74,13,832,6280,7112
615,2012-09-06,2012,fall,September,Thursday,0,1,Clouds/Mist,29,33,81,10,611,5592,6203
616,2012-09-07,2012,fall,September,Friday,0,1,Good,29,33,74,12,1045,6459,7504
617,2012-09-08,2012,fall,September,Saturday,0,0,Clouds/Mist,27,31,80,19,1557,4419,5976
618,2012-09-09,2012,fall,September,Sunday,0,0,Good,25,29,55,15,2570,5657,8227
619,2012-09-10,2012,fall,September,Monday,0,1,Good,24,28,50,17,1118,6407,7525
620,2012-09-11,2012,fall,September,Tuesday,0,1,Good,24,28,52,6,1070,6697,7767
621,2012-09-12,2012,fall,September,Wednesday,0,1,Good,25,29,58,9,1050,6820,7870
622,2012-09-13,2012,fall,September,Thursday,0,1,Good,25,29,64,6,1054,6750,7804
623,2012-09-14,2012,fall,September,Friday,0,1,Good,26,30,67,7,1379,6630,8009
624,2012-09-15,2012,fall,September,Saturday,0,0,Good,25,29,50,17,3160,5554,8714
625,2012-09-16,2012,fall,September,Sunday,0,0,Good,24,28,57,6,2166,5167,7333
626,2012-09-17,2012,fall,September,Monday,0,1,Clouds/Mist,24,28,73,10,1022,5847,6869
627,2012-09-18,2012,fall,September,Tuesday,0,1,Clouds/Mist,26,28,87,24,371,3702,4073
628,2012-09-19,2012,fall,September,Wednesday,0,1,Good,23,27,54,14,788,6803,7591
629,2012-09-20,2012,fall,September,Thursday,0,1,Good,22,27,62,8,939,6781,7720
630,2012-09-21,2012,fall,September,Friday,0,1,Good,25,29,67,10,1250,6917,8167
631,2012-09-22,2012,fall,September,Saturday,0,0,Good,27,31,65,19,2512,5883,8395
632,2012-09-23,2012,winter,September,Sunday,0,0,Good,22,26,47,15,2454,5453,7907
633,2012-09-24,2012,winter,September,Monday,0,1,Good,21,25,49,10,1001,6435,7436
634,2012-09-25,2012,winter,September,Tuesday,0,1,Good,23,27,57,16,845,6693,7538
635,2012-09-26,2012,winter,September,Wednesday,0,1,Good,26,30,63,16,787,6946,7733
636,2012-09-27,2012,winter,September,Thursday,0,1,Clouds/Mist,27,30,69,9,751,6642,7393
637,2012-09-28,2012,winter,September,Friday,0,1,Clouds/Mist,25,29,69,11,1045,6370,7415
638,2012-09-29,2012,winter,September,Saturday,0,0,Good,22,27,54,15,2589,5966,8555
639,2012-09-30,2012,winter,September,Sunday,0,0,Good,22,26,58,9,2015,4874,6889
640,2012-10-01,2012,winter,October,Monday,0,1,Clouds/Mist,21,26,65,6,763,6015,6778
641,2012-10-02,2012,winter,October,Tuesday,0,1,Rain/Snow/Storm,24,27,87,7,315,4324,4639
642,2012-10-03,2012,winter,October,Wednesday,0,1,Clouds/Mist,27,30,79,4,728,6844,7572
643,2012-10-04,2012,winter,October,Thursday,0,1,Clouds/Mist,27,30,72,8,891,6437,7328
644,2012-10-05,2012,winter,October,Friday,0,1,Good,25,29,63,7,1516,6640,8156
645,2012-10-06,2012,winter,October,Saturday,0,0,Good,23,27,66,18,3031,4934,7965
646,2012-10-07,2012,winter,October,Sunday,0,0,Clouds/Mist,17,21,71,9,781,2729,3510
647,2012-10-08,2012,winter,October,Monday,1,0,Clouds/Mist,16,19,71,13,874,4604,5478
648,2012-10-09,2012,winter,October,Tuesday,0,1,Clouds/Mist,18,22,76,13,601,5791,6392
649,2012-10-10,2012,winter,October,Wednesday,0,1,Good,21,25,63,13,780,6911,7691
650,2012-10-11,2012,winter,October,Thursday,0,1,Good,18,22,46,12,834,6736,7570
651,2012-10-12,2012,winter,October,Friday,0,1,Good,18,22,54,16,1060,6222,7282
652,2012-10-13,2012,winter,October,Saturday,0,0,Good,16,20,49,10,2252,4857,7109
653,2012-10-14,2012,winter,October,Sunday,0,0,Good,21,25,64,19,2080,4559,6639
654,2012-10-15,2012,winter,October,Monday,0,1,Clouds/Mist,23,27,71,20,760,5115,5875
655,2012-10-16,2012,winter,October,Tuesday,0,1,Good,19,23,56,12,922,6612,7534
656,2012-10-17,2012,winter,October,Wednesday,0,1,Good,19,23,69,7,979,6482,7461
657,2012-10-18,2012,winter,October,Thursday,0,1,Clouds/Mist,21,26,73,16,1008,6501,7509
658,2012-10-19,2012,winter,October,Friday,0,1,Clouds/Mist,23,27,82,9,753,4671,5424
659,2012-10-20,2012,winter,October,Saturday,0,0,Good,20,24,57,8,2806,5284,8090
660,2012-10-21,2012,winter,October,Sunday,0,0,Good,19,23,51,11,2132,4692,6824
661,2012-10-22,2012,winter,October,Monday,0,1,Good,20,24,57,5,830,6228,7058
662,2012-10-23,2012,winter,October,Tuesday,0,1,Good,22,27,64,6,841,6625,7466
663,2012-10-24,2012,winter,October,Wednesday,0,1,Good,24,28,64,5,795,6898,7693
664,2012-10-25,2012,winter,October,Thursday,0,1,Clouds/Mist,23,26,80,8,875,6484,7359
665,2012-10-26,2012,winter,October,Friday,0,1,Clouds/Mist,22,26,81,9,1182,6262,7444
666,2012-10-27,2012,winter,October,Saturday,0,0,Clouds/Mist,22,26,72,16,2643,5209,7852
667,2012-10-28,2012,winter,October,Sunday,0,0,Clouds/Mist,20,23,69,27,998,3461,4459
668,2012-10-29,2012,winter,October,Monday,0,1,Rain/Snow/Storm,18,22,88,24,2,20,22
669,2012-10-30,2012,winter,October,Tuesday,0,1,Clouds/Mist,13,15,83,14,87,1009,1096
670,2012-10-31,2012,winter,October,Wednesday,0,1,Clouds/Mist,15,18,67,11,419,5147,5566
671,2012-11-01,2012,winter,November,Thursday,0,1,Clouds/Mist,15,18,58,11,466,5520,5986
672,2012-11-02,2012,winter,November,Friday,0,1,Good,15,18,52,18,618,5229,5847
673,2012-11-03,2012,winter,November,Saturday,0,0,Clouds/Mist,14,16,49,18,1029,4109,5138
674,2012-11-04,2012,winter,November,Sunday,0,0,Good,13,16,53,12,1201,3906,5107
675,2012-11-05,2012,winter,November,Monday,0,1,Good,13,15,49,16,378,4881,5259
676,2012-11-06,2012,winter,November,Tuesday,0,1,Good,12,14,57,12,466,5220,5686
677,2012-11-07,2012,winter,November,Wednesday,0,1,Clouds/Mist,12,14,55,20,326,4709,5035
678,2012-11-08,2012,winter,November,Thursday,0,1,Good,14,17,33,23,340,4975,5315
679,2012-11-09,2012,winter,November,Friday,0,1,Good,15,18,54,14,709,5283,5992
680,2012-11-10,2012,winter,November,Saturday,0,0,Good,16,20,65,4,2090,4446,6536
681,2012-11-11,2012,winter,November,Sunday,0,0,Good,17,21,66,9,2290,4562,6852
682,2012-11-12,2012,winter,November,Monday,1,0,Good,20,24,74,12,1097,5172,6269
683,2012-11-13,2012,winter,November,Tuesday,0,1,Clouds/Mist,14,16,66,23,327,3767,4094
684,2012-11-14,2012,winter,November,Wednesday,0,1,Good,12,14,55,13,373,5122,5495
685,2012-11-15,2012,winter,November,Thursday,0,1,Clouds/Mist,13,16,62,10,320,5125,5445
686,2012-11-16,2012,winter,November,Friday,0,1,Good,14,17,52,11,484,5214,5698
687,2012-11-17,2012,winter,November,Saturday,0,0,Good,13,16,55,12,1313,4316,5629
688,2012-11-18,2012,winter,November,Sunday,0,0,Good,14,17,69,15,922,3747,4669
689,2012-11-19,2012,winter,November,Monday,0,1,Clouds/Mist,16,19,62,16,449,5050,5499
690,2012-11-20,2012,winter,November,Tuesday,0,1,Clouds/Mist,15,19,68,6,534,5100,5634
691,2012-11-21,2012,winter,November,Wednesday,0,1,Good,14,18,61,7,615,4531,5146
692,2012-11-22,2012,winter,November,Thursday,1,0,Good,14,18,58,4,955,1470,2425
693,2012-11-23,2012,winter,November,Friday,0,1,Good,15,19,57,10,1603,2307,3910
694,2012-11-24,2012,winter,November,Saturday,0,0,Good,11,12,40,25,532,1745,2277
695,2012-11-25,2012,winter,November,Sunday,0,0,Good,10,13,47,10,309,2115,2424
696,2012-11-26,2012,winter,November,Monday,0,1,Good,13,17,54,3,337,4750,5087
697,2012-11-27,2012,winter,November,Tuesday,0,1,Clouds/Mist,12,14,79,16,123,3836,3959
698,2012-11-28,2012,winter,November,Wednesday,0,1,Good,12,14,51,14,198,5062,5260
699,2012-11-29,2012,winter,November,Thursday,0,1,Good,12,15,56,8,243,5080,5323
700,2012-11-30,2012,winter,November,Friday,0,1,Good,12,16,65,4,362,5306,5668
701,2012-12-01,2012,winter,December,Saturday,0,0,Clouds/Mist,12,16,81,4,951,4240,5191
702,2012-12-02,2012,winter,December,Sunday,0,0,Clouds/Mist,14,18,82,8,892,3757,4649
703,2012-12-03,2012,winter,December,Monday,0,1,Good,19,23,77,6,555,5679,6234
704,2012-12-04,2012,winter,December,Tuesday,0,1,Good,20,23,73,12,551,6055,6606
705,2012-12-05,2012,winter,December,Wednesday,0,1,Good,18,21,48,22,331,5398,5729
706,2012-12-06,2012,winter,December,Thursday,0,1,Good,10,13,51,12,340,5035,5375
707,2012-12-07,2012,winter,December,Friday,0,1,Clouds/Mist,13,16,76,9,349,4659,5008
708,2012-12-08,2012,winter,December,Saturday,0,0,Clouds/Mist,16,19,91,7,1153,4429,5582
709,2012-12-09,2012,winter,December,Sunday,0,0,Clouds/Mist,16,20,91,11,441,2787,3228
710,2012-12-10,2012,winter,December,Monday,0,1,Clouds/Mist,18,22,92,13,329,4841,5170
711,2012-12-11,2012,winter,December,Tuesday,0,1,Clouds/Mist,14,17,60,20,282,5219,5501
712,2012-12-12,2012,winter,December,Wednesday,0,1,Clouds/Mist,12,15,54,11,310,5009,5319
713,2012-12-13,2012,winter,December,Thursday,0,1,Good,12,15,49,12,425,5107,5532
714,2012-12-14,2012,winter,December,Friday,0,1,Good,12,15,64,9,429,5182,5611
715,2012-12-15,2012,winter,December,Saturday,0,0,Good,13,17,65,7,767,4280,5047
716,2012-12-16,2012,winter,December,Sunday,0,0,Clouds/Mist,15,18,84,7,538,3248,3786
717,2012-12-17,2012,winter,December,Monday,0,1,Clouds/Mist,16,20,91,7,212,4373,4585
718,2012-12-18,2012,winter,December,Tuesday,0,1,Good,17,20,67,15,433,5124,5557
719,2012-12-19,2012,winter,December,Wednesday,0,1,Good,14,17,63,12,333,4934,5267
720,2012-12-20,2012,winter,December,Thursday,0,1,Clouds/Mist,14,17,67,9,314,3814,4128
721,2012-12-21,2012,spring,December,Friday,0,1,Clouds/Mist,13,15,56,25,221,3402,3623
722,2012-12-22,2012,spring,December,Saturday,0,0,Good,11,12,44,27,205,1544,1749
723,2012-12-23,2012,spring,December,Sunday,0,0,Good,10,13,52,9,408,1379,1787
724,2012-12-24,2012,spring,December,Monday,0,1,Clouds/Mist,9,13,79,5,174,746,920
725,2012-12-25,2012,spring,December,Tuesday,1,0,Clouds/Mist,12,15,73,11,440,573,1013
726,2012-12-26,2012,spring,December,Wednesday,0,1,Rain/Snow/Storm,10,11,82,21,9,432,441
727,2012-12-27,2012,spring,December,Thursday,0,1,Clouds/Mist,10,11,65,23,247,1867,2114
728,2012-12-28,2012,spring,December,Friday,0,1,Clouds/Mist,10,13,59,10,644,2451,3095
729,2012-12-29,2012,spring,December,Saturday,0,0,Clouds/Mist,10,12,75,8,159,1182,1341
730,2012-12-30,2012,spring,December,Sunday,0,0,Good,10,12,48,24,364,1432,1796
731,2012-12-31,2012,spring,December,Monday,0,1,Clouds/Mist,9,11,58,10,439,2290,2729
