cmedv,age,b,chas,crim,dis,indus,lat,lon,lstat,nox,ptratio,rad,rm,tax,town,tract,zn
24,65.2,396.9,0,0.00632,4.09,2.31,42.255,-70.955,4.98,0.538,15.3,1,6.575,296,Nahant,2011,18
21.6,78.9,396.9,0,0.02731,4.9671,7.07,42.2875,-70.95,9.14,0.469,17.8,2,6.421,242,Swampscott,2021,0
34.7,61.1,392.83,0,0.02729,4.9671,7.07,42.283,-70.936,4.03,0.469,17.8,2,7.185,242,Swampscott,2022,0
33.4,45.8,394.63,0,0.03237,6.0622,2.18,42.293,-70.928,2.94,0.458,18.7,3,6.998,222,Marblehead,2031,0
36.2,54.2,396.9,0,0.06905,6.0622,2.18,42.298,-70.922,5.33,0.458,18.7,3,7.147,222,Marblehead,2032,0
28.7,58.7,394.12,0,0.02985,6.0622,2.18,42.304,-70.9165,5.21,0.458,18.7,3,6.43,222,Marblehead,2033,0
22.9,66.6,395.6,0,0.08829,5.5605,7.87,42.297,-70.936,12.43,0.524,15.2,5,6.012,311,Salem,2041,12.5
22.1,96.1,396.9,0,0.14455,5.9505,7.87,42.31,-70.9375,19.15,0.524,15.2,5,6.172,311,Salem,2042,12.5
16.5,100,386.63,0,0.21124,6.0821,7.87,42.312,-70.933,29.93,0.524,15.2,5,5.631,311,Salem,2043,12.5
18.9,85.9,386.71,0,0.17004,6.5921,7.87,42.316,-70.929,17.1,0.524,15.2,5,6.004,311,Salem,2044,12.5
15,94.3,392.52,0,0.22489,6.3467,7.87,42.316,-70.935,20.45,0.524,15.2,5,6.377,311,Salem,2045,12.5
18.9,82.9,396.9,0,0.11747,6.2267,7.87,42.317,-70.944,13.27,0.524,15.2,5,6.009,311,Salem,2046,12.5
21.7,39,390.5,0,0.09378,5.4509,7.87,42.306,-70.951,15.71,0.524,15.2,5,5.889,311,Salem,2047,12.5
20.4,61.8,396.9,0,0.62976,4.7075,8.14,42.292,-70.9645,8.26,0.538,21,4,5.949,307,Lynn,2051,0
18.2,84.5,380.02,0,0.63796,4.4619,8.14,42.287,-70.972,10.26,0.538,21,4,6.096,307,Lynn,2052,0
19.9,56.5,395.62,0,0.62739,4.4986,8.14,42.294,-70.9765,8.47,0.538,21,4,5.834,307,Lynn,2053,0
23.1,29.3,386.85,0,1.05393,4.4986,8.14,42.2985,-70.987,6.58,0.538,21,4,5.935,307,Lynn,2054,0
17.5,81.7,386.75,0,0.7842,4.2579,8.14,42.285,-70.978,14.67,0.538,21,4,5.99,307,Lynn,2055,0
20.2,36.6,288.99,0,0.80271,3.7965,8.14,42.2825,-70.9925,11.69,0.538,21,4,5.456,307,Lynn,2056,0
18.2,69.5,390.95,0,0.7258,3.7965,8.14,42.2776,-70.988,11.28,0.538,21,4,5.727,307,Lynn,2057,0
13.6,98.1,376.57,0,1.25179,3.7979,8.14,42.277,-70.9835,21.02,0.538,21,4,5.57,307,Lynn,2058,0
19.6,89.2,392.53,0,0.85204,4.0123,8.14,42.281,-70.982,13.83,0.538,21,4,5.965,307,Lynn,2059,0
15.2,91.7,396.9,0,1.23247,3.9769,8.14,42.279,-70.9775,18.72,0.538,21,4,6.142,307,Lynn,2060,0
14.5,100,394.54,0,0.98843,4.0952,8.14,42.279,-70.973,19.88,0.538,21,4,5.813,307,Lynn,2061,0
15.6,94.1,394.33,0,0.75026,4.3996,8.14,42.2816,-70.9693,16.3,0.538,21,4,5.924,307,Lynn,2062,0
13.9,85.7,303.42,0,0.84054,4.4546,8.14,42.284,-70.964,16.51,0.538,21,4,5.599,307,Lynn,2063,0
16.6,90.3,376.88,0,0.67191,4.682,8.14,42.287,-70.9597,14.81,0.538,21,4,5.813,307,Lynn,2064,0
14.8,88.8,306.38,0,0.95577,4.4534,8.14,42.2825,-70.9597,17.28,0.538,21,4,6.047,307,Lynn,2065,0
18.4,94.4,387.94,0,0.77299,4.4547,8.14,42.28,-70.957,12.8,0.538,21,4,6.495,307,Lynn,2066,0
21,87.3,380.23,0,1.00245,4.239,8.14,42.278,-70.951,11.98,0.538,21,4,6.674,307,Lynn,2067,0
12.7,94.1,360.17,0,1.13081,4.233,8.14,42.279,-70.967,22.6,0.538,21,4,5.713,307,Lynn,2068,0
14.5,100,376.73,0,1.35472,4.175,8.14,42.2765,-70.964,13.04,0.538,21,4,6.072,307,Lynn,2069,0
13.2,82,232.6,0,1.38799,3.99,8.14,42.2765,-70.972,27.71,0.538,21,4,5.95,307,Lynn,2070,0
13.1,95,358.77,0,1.15172,3.7872,8.14,42.276,-70.9795,18.35,0.538,21,4,5.701,307,Lynn,2071,0
13.5,96.9,248.31,0,1.61282,3.7598,8.14,42.272,-70.9775,20.34,0.538,21,4,6.096,307,Lynn,2072,0
18.9,68.2,396.9,0,0.06417,3.3603,5.96,42.27,-71,9.68,0.499,19.2,5,5.933,279,Sargus,2081,0
20,61.4,377.56,0,0.09744,3.3779,5.96,42.2745,-71.008,11.41,0.499,19.2,5,5.841,279,Sargus,2082,0
21,41.5,396.9,0,0.08014,3.9342,5.96,42.2865,-71.004,8.77,0.499,19.2,5,5.85,279,Sargus,2083,0
24.2,30.2,393.43,0,0.17505,3.8473,5.96,42.2875,-71.02,10.13,0.499,19.2,5,5.966,279,Sargus,2084,0
30.8,21.8,395.63,0,0.02763,5.4011,2.95,42.313,-71.013,4.32,0.428,18.3,3,6.595,252,Lynnfield,2091,75
34.9,15.8,395.62,0,0.03359,5.4011,2.95,42.324,-71.03,1.98,0.428,18.3,3,7.024,252,Lynnfield,2092,75
26.6,2.9,385.41,0,0.12744,5.7209,6.91,42.335,-71.004,4.84,0.448,17.9,3,6.77,233,Peabody,2101,0
25.3,6.6,383.37,0,0.1415,5.7209,6.91,42.3235,-71.003,5.81,0.448,17.9,3,6.169,233,Peabody,2102,0
24.7,6.5,394.46,0,0.15936,5.7209,6.91,42.3237,-70.9775,7.44,0.448,17.9,3,6.211,233,Peabody,2103,0
21.2,40,389.39,0,0.12269,5.7209,6.91,42.317,-70.9675,9.55,0.448,17.9,3,6.069,233,Peabody,2104,0
19.3,33.8,396.9,0,0.17142,5.1004,6.91,42.3075,-70.9725,10.21,0.448,17.9,3,5.682,233,Peabody,2105,0
20,33.3,396.9,0,0.18836,5.1004,6.91,42.3075,-70.965,14.15,0.448,17.9,3,5.786,233,Peabody,2106,0
16.6,85.5,392.74,0,0.22927,5.6894,6.91,42.3125,-70.956,18.8,0.448,17.9,3,6.03,233,Peabody,2107,0
14.4,95.3,396.9,0,0.25387,5.87,6.91,42.3165,-70.955,30.81,0.448,17.9,3,5.399,233,Peabody,2108,0
19.4,62,396.9,0,0.21977,6.0877,6.91,42.3208,-70.9525,16.2,0.448,17.9,3,5.602,233,Peabody,2109,0
19.7,45.7,395.56,0,0.08873,6.8147,5.64,42.334,-70.951,13.45,0.439,16.8,4,5.963,243,Danvers,2111,21
20.5,63,393.97,0,0.04337,6.8147,5.64,42.3382,-70.963,9.43,0.439,16.8,4,6.115,243,Danvers,2112,21
25,21.1,396.9,0,0.0536,6.8147,5.64,42.346,-70.958,5.28,0.439,16.8,4,6.511,243,Danvers,2113,21
23.4,21.4,396.9,0,0.04981,6.8147,5.64,42.3425,-70.978,8.43,0.439,16.8,4,5.998,243,Danvers,2114,21
18.9,47.6,396.9,0,0.0136,7.3197,4,42.3715,-71.0175,14.8,0.41,21.1,3,5.888,469,Middleton,2121,75
35.4,21.9,395.93,0,0.01311,8.6966,1.22,42.381,-70.9625,4.81,0.403,17.9,5,7.249,226,Topsfield,2141,90
24.7,35.7,396.9,0,0.02055,9.1876,0.74,42.374,-70.93,5.77,0.41,17.3,2,6.383,313,Hamilton,2151,85
31.6,40.5,392.9,0,0.01432,8.3248,1.32,42.3715,-70.9295,3.95,0.411,15.1,5,6.816,256,Wenham,2161,100
23.3,29.2,390.68,0,0.15445,7.8148,5.13,42.346,-70.9385,6.86,0.453,19.7,8,6.145,284,Beverly,2171,25
19.6,47.2,396.9,0,0.10328,6.932,5.13,42.332,-70.94,9.22,0.453,19.7,8,5.927,284,Beverly,2172,25
18.7,66.2,395.11,0,0.14932,7.2254,5.13,42.337,-70.93,13.15,0.453,19.7,8,5.741,284,Beverly,2173,25
16,93.4,378.08,0,0.17171,6.8185,5.13,42.3275,-70.93,14.44,0.453,19.7,8,5.966,284,Beverly,2174,25
22.2,67.8,396.9,0,0.11027,7.2255,5.13,42.332,-70.9215,6.73,0.453,19.7,8,6.456,284,Beverly,2175,25
25,43.4,395.58,0,0.1265,7.9809,5.13,42.339,-70.9075,9.5,0.453,19.7,8,6.762,284,Beverly,2176,25
33,59.5,393.24,0,0.01951,9.2229,1.38,42.345,-70.86,8.05,0.4161,18.6,3,7.104,216,Manchester,2181,17.5
23.5,17.8,396.9,0,0.03584,6.6115,3.37,42.345,-71.045,4.67,0.398,16.1,4,6.29,337,North Reading,3301,80
19.4,31.1,396.9,0,0.04379,6.6115,3.37,42.3525,-71.069,10.24,0.398,16.1,4,5.787,337,North Reading,3302,80
22,21.4,396.21,0,0.05789,6.498,6.07,42.3362,-71.09,8.1,0.409,18.9,4,5.878,345,Wilmington,3311,12.5
17.4,36.8,396.9,0,0.13554,6.498,6.07,42.34,-71.108,13.09,0.409,18.9,4,5.594,345,Wilmington,3312,12.5
20.9,33,396.9,0,0.12816,6.498,6.07,42.327,-71.111,8.79,0.409,18.9,4,5.885,345,Wilmington,3313,12.5
24.2,6.6,383.73,0,0.08826,5.2873,10.81,42.316,-71.121,6.72,0.413,19.2,4,6.417,305,Burlington,3321,0
21.7,17.5,376.94,0,0.15876,5.2873,10.81,42.3008,-71.1095,9.88,0.413,19.2,4,5.961,305,Burlington,3322,0
22.8,7.8,390.91,0,0.09164,5.2873,10.81,42.305,-71.13,5.52,0.413,19.2,4,6.065,305,Burlington,3323,0
23.4,6.2,377.17,0,0.19539,5.2873,10.81,42.292,-71.123,7.54,0.413,19.2,4,6.245,305,Burlington,3324,0
24.1,6,394.92,0,0.07896,4.2515,12.83,42.289,-71.1105,6.78,0.437,18.7,5,6.273,398,Woburn,3331,0
21.4,45,383.23,0,0.09512,4.5026,12.83,42.2875,-71.1,8.94,0.437,18.7,5,6.286,398,Woburn,3332,0
20,74.5,373.66,0,0.10153,4.0522,12.83,42.2835,-71.09,11.97,0.437,18.7,5,6.279,398,Woburn,3333,0
20.8,45.8,386.96,0,0.08707,4.0905,12.83,42.2895,-71.076,10.27,0.437,18.7,5,6.14,398,Woburn,3334,0
21.2,53.7,386.4,0,0.05646,5.0141,12.83,42.295,-71.0905,12.34,0.437,18.7,5,6.232,398,Woburn,3335,0
20.3,36.6,396.06,0,0.08387,4.5026,12.83,42.305,-71.091,9.1,0.437,18.7,5,5.874,398,Woburn,3336,0
28,33.5,396.9,0,0.04113,5.4007,4.86,42.308,-71.0685,5.29,0.426,19,4,6.727,281,Reading,3341,25
23.9,70.4,395.63,0,0.04462,5.4007,4.86,42.315,-71.069,7.22,0.426,19,4,6.619,281,Reading,3342,25
24.8,32.2,396.9,0,0.03659,5.4007,4.86,42.326,-71.0675,6.72,0.426,19,4,6.302,281,Reading,3343,25
22.9,46.7,390.64,0,0.03551,5.4007,4.86,42.317,-71.0575,7.51,0.426,19,4,6.167,281,Reading,3344,25
23.9,48,396.9,0,0.05059,4.7794,4.49,42.3075,-71.043,9.62,0.449,18.5,3,6.389,247,Wakefield,3351,0
26.6,56.1,392.3,0,0.05735,4.4377,4.49,42.3,-71.05,6.53,0.449,18.5,3,6.63,247,Wakefield,3352,0
22.5,45.1,395.99,0,0.05188,4.4272,4.49,42.305,-71.033,12.86,0.449,18.5,3,6.015,247,Wakefield,3353,0
22.2,56.8,395.15,0,0.07151,3.7476,4.49,42.2885,-71.039,8.44,0.449,18.5,3,6.121,247,Wakefield,3354,0
23.6,86.3,396.9,0,0.0566,3.4217,3.41,42.2796,-71.042,5.5,0.489,17.8,2,7.007,270,Melrose,3361,0
28.7,63.1,396.06,0,0.05302,3.4145,3.41,42.2785,-71.0345,5.7,0.489,17.8,2,7.079,270,Melrose,3362,0
22.6,66.1,392.18,0,0.04684,3.0923,3.41,42.272,-71.03,8.81,0.489,17.8,2,6.417,270,Melrose,3363,0
22,73.9,393.55,0,0.03932,3.0921,3.41,42.2715,-71.0425,8.2,0.489,17.8,2,6.405,270,Melrose,3364,0
22.9,53.6,395.01,0,0.04203,3.6659,15.04,42.283,-71.053,8.16,0.464,18.2,4,6.442,270,Stoneham,3371,28
25,28.9,396.33,0,0.02875,3.6659,15.04,42.296,-71.062,6.21,0.464,18.2,4,6.211,270,Stoneham,3372,28
20.6,77.3,396.9,0,0.04294,3.615,15.04,42.284,-71.0615,10.59,0.464,18.2,4,6.249,270,Stoneham,3373,28
28.4,57.8,357.98,0,0.12204,3.4952,2.89,42.2775,-71.076,6.65,0.445,18,2,6.625,276,Winchester,3381,0
21.4,69.6,391.83,0,0.11504,3.4952,2.89,42.2775,-71.085,11.34,0.445,18,2,6.163,276,Winchester,3382,0
38.7,76,396.9,0,0.12083,3.4952,2.89,42.2715,-71.089,4.21,0.445,18,2,8.069,276,Winchester,3383,0
43.8,36.9,393.53,0,0.08187,3.4952,2.89,42.2685,-71.0982,3.57,0.445,18,2,7.82,276,Winchester,3384,0
33.2,62.5,396.9,0,0.0686,3.4952,2.89,42.268,-71.08,6.19,0.445,18,2,7.416,276,Winchester,3385,0
27.5,79.9,394.76,0,0.14866,2.7778,8.56,42.2545,-71.0668,9.42,0.52,20.9,5,6.727,384,Medford,3391,0
26.5,71.3,395.58,0,0.11432,2.8561,8.56,42.245,-71.081,7.67,0.52,20.9,5,6.781,384,Medford,3392,0
18.6,85.4,70.8,0,0.22876,2.7147,8.56,42.2515,-71.0812,10.63,0.52,20.9,5,6.405,384,Medford,3393,0
19.3,87.4,394.47,0,0.21161,2.7147,8.56,42.249,-71.077,13.44,0.52,20.9,5,6.137,384,Medford,3394,0
20.1,90,392.69,0,0.1396,2.421,8.56,42.248,-71.069,12.33,0.52,20.9,5,6.167,384,Medford,3395,0
19.5,96.7,394.05,0,0.13262,2.1069,8.56,42.2425,-71.0662,16.47,0.52,20.9,5,5.851,384,Medford,3396,0
19.5,91.9,395.67,0,0.1712,2.211,8.56,42.2431,-71.0622,18.66,0.52,20.9,5,5.836,384,Medford,3397,0
20.4,85.2,387.69,0,0.13117,2.1224,8.56,42.2465,-71.0553,14.09,0.52,20.9,5,6.127,384,Medford,3398,0
19.8,97.1,395.24,0,0.12802,2.4329,8.56,42.2505,-71.055,12.27,0.52,20.9,5,6.474,384,Medford,3399,0
19.4,91.2,391.23,0,0.26363,2.5451,8.56,42.254,-71.06,15.55,0.52,20.9,5,6.229,384,Medford,3400,0
21.7,54.4,393.49,0,0.10793,2.7778,8.56,42.2605,-71.056,13,0.52,20.9,5,6.195,384,Medford,3401,0
22.8,81.6,395.59,0,0.10084,2.6775,10.01,42.261,-71.0475,10.16,0.547,17.8,6,6.715,432,Malden,3411,0
18.8,92.9,394.95,0,0.12329,2.3534,10.01,42.253,-71.049,16.21,0.547,17.8,6,5.913,432,Malden,3412,0
18.7,95.4,396.9,0,0.22212,2.548,10.01,42.258,-71.0428,17.09,0.547,17.8,6,6.092,432,Malden,3413,0
18.5,84.2,388.74,0,0.14231,2.2565,10.01,42.2512,-71.0396,10.45,0.547,17.8,6,6.254,432,Malden,3414,0
18.3,88.2,344.91,0,0.17134,2.4631,10.01,42.2545,-71.0355,15.76,0.547,17.8,6,5.928,432,Malden,3415,0
21.2,72.5,393.3,0,0.13158,2.7301,10.01,42.2608,-71.036,12.04,0.547,17.8,6,6.176,432,Malden,3416,0
19.2,82.6,394.51,0,0.15098,2.7474,10.01,42.262,-71.0285,10.3,0.547,17.8,6,6.021,432,Malden,3417,0
20.4,73.1,338.63,0,0.13058,2.4775,10.01,42.258,-71.0285,15.37,0.547,17.8,6,5.872,432,Malden,3418,0
19.3,65.2,391.5,0,0.14476,2.7592,10.01,42.2605,-71.019,13.61,0.547,17.8,6,5.731,432,Malden,3419,0
22,69.7,389.15,0,0.06899,2.2577,25.65,42.2483,-71.0243,14.37,0.581,19.1,2,5.87,188,Everett,3421,0
20.3,84.1,377.67,0,0.07165,2.1974,25.65,42.2505,-71.0312,14.27,0.581,19.1,2,6.004,188,Everett,3422,0
20.5,92.9,378.09,0,0.09299,2.0869,25.65,42.247,-71.0377,17.93,0.581,19.1,2,5.961,188,Everett,3423,0
17.3,97,370.31,0,0.15038,1.9444,25.65,42.2435,-71.037,25.41,0.581,19.1,2,5.856,188,Everett,3424,0
18.8,95.8,379.38,0,0.09849,2.0063,25.65,42.245,-71.0308,17.58,0.581,19.1,2,5.879,188,Everett,3425,0
21.4,88.4,385.02,0,0.16902,1.9929,25.65,42.2431,-71.0262,14.81,0.581,19.1,2,5.986,188,Everett,3426,0
15.7,95.6,359.29,0,0.38735,1.7572,25.65,42.2395,-71.0333,27.26,0.581,19.1,2,5.613,188,Everett,3427,0
16.2,96,392.11,0,0.25915,1.7883,21.89,42.2355,-71.053,17.19,0.624,21.2,4,5.693,437,Somerville,3501,0
18,98.8,396.9,0,0.32543,1.8125,21.89,42.235,-71.058,15.39,0.624,21.2,4,6.431,437,Somerville,3502,0
14.3,94.7,396.9,0,0.88125,1.9799,21.89,42.2368,-71.0638,18.34,0.624,21.2,4,5.637,437,Somerville,3503,0
19.2,98.9,395.04,0,0.34006,2.1185,21.89,42.239,-71.0692,12.6,0.624,21.2,4,6.458,437,Somerville,3504,0
19.6,97.7,396.9,0,1.19294,2.271,21.89,42.24,-71.075,12.26,0.624,21.2,4,6.326,437,Somerville,3505,0
23,97.9,385.76,0,0.59005,2.3274,21.89,42.2405,-71.0745,11.12,0.624,21.2,4,6.372,437,Somerville,3506,0
18.4,95.4,388.69,0,0.32982,2.4699,21.89,42.245,-71.079,15.03,0.624,21.2,4,5.822,437,Somerville,3507,0
15.6,98.4,262.76,0,0.97617,2.346,21.89,42.2405,-71.076,17.31,0.624,21.2,4,5.757,437,Somerville,3508,0
18.1,98.2,394.67,0,0.55778,2.1107,21.89,42.2362,-71.075,16.96,0.624,21.2,4,6.335,437,Somerville,3509,0
17.4,93.5,378.25,0,0.32264,1.9669,21.89,42.2335,-71.0677,16.9,0.624,21.2,4,5.942,437,Somerville,3510,0
17.1,98.4,394.08,0,0.35233,1.8498000000000001,21.89,42.2325,-71.063,14.59,0.624,21.2,4,6.454,437,Somerville,3511,0
13.3,98.2,392.04,0,0.2498,1.6686,21.89,42.2275,-71.062,21.32,0.624,21.2,4,5.857,437,Somerville,3512,0
17.8,97.9,396.9,0,0.54452,1.6687,21.89,42.23,-71.0568,18.46,0.624,21.2,4,6.151,437,Somerville,3513,0
14,93.6,388.08,0,0.2909,1.6119,21.89,42.2312,-71.0518,24.16,0.624,21.2,4,6.174,437,Somerville,3514,0
14.4,100,396.9,0,1.62864,1.4394,21.89,42.2265,-71.0543,34.41,0.624,21.2,4,5.019,437,Somerville,3515,0
13.4,100,396.9,1,3.32105,1.3216,19.58,42.2222,-71.048,26.82,0.871,14.7,5,5.403,403,Cambridge,3521,0
15.6,100,396.9,0,4.0974,1.4118,19.58,42.223,-71.0519,26.42,0.871,14.7,5,5.468,403,Cambridge,3522,0
11.8,97.8,396.9,0,2.77974,1.3459,19.58,42.2205,-71.051,29.29,0.871,14.7,5,4.903,403,Cambridge,3523,0
13.8,100,172.91,0,2.37934,1.4191,19.58,42.219,-71.054,27.8,0.871,14.7,5,6.13,403,Cambridge,3524,0
15.6,100,169.27,0,2.15505,1.5166,19.58,42.221,-71.059,16.65,0.871,14.7,5,5.628,403,Cambridge,3525,0
14.6,95.7,391.71,0,2.36862,1.4608,19.58,42.2222,-71.0555,29.53,0.871,14.7,5,4.926,403,Cambridge,3526,0
17.8,93.8,356.99,0,2.33099,1.5296,19.58,42.224,-71.0567,28.32,0.871,14.7,5,5.186,403,Cambridge,3527,0
15.4,94.9,351.85,0,2.73397,1.5257,19.58,42.223,-71.058,21.45,0.871,14.7,5,5.597,403,Cambridge,3528,0
21.5,97.3,372.8,0,1.6566,1.618,19.58,42.2236,-71.062,14.1,0.871,14.7,5,6.122,403,Cambridge,3529,0
19.6,100,341.6,0,1.49632,1.5916,19.58,42.2205,-71.0622,13.28,0.871,14.7,5,5.404,403,Cambridge,3530,0
15.3,88,343.28,1,1.12658,1.6102,19.58,42.217,-71.059,12.12,0.871,14.7,5,5.012,403,Cambridge,3531,0
19.4,98.5,261.95,0,2.14918,1.6232,19.58,42.215,-71.0645,15.79,0.871,14.7,5,5.709,403,Cambridge,3532,0
17,96,321.02,1,1.41385,1.7494,19.58,42.2162,-71.0662,15.12,0.871,14.7,5,6.129,403,Cambridge,3533,0
15.6,82.6,88.01,1,3.53501,1.7455,19.58,42.215,-71.068,15.02,0.871,14.7,5,6.152,403,Cambridge,3534,0
13.1,94,88.63,0,2.44668,1.7364,19.58,42.22,-71.0667,16.14,0.871,14.7,5,5.272,403,Cambridge,3535,0
41.3,97.4,363.43,0,1.22358,1.8773,19.58,42.2285,-71.069,4.59,0.605,14.7,5,6.943,403,Cambridge,3536,0
24.3,100,353.89,0,1.34284,1.7573,19.58,42.2245,-71.067,6.43,0.605,14.7,5,6.066,403,Cambridge,3537,0
23.3,100,364.31,0,1.42502,1.7659,19.58,42.2223,-71.065,7.39,0.871,14.7,5,6.51,403,Cambridge,3538,0
27,92.6,338.92,1,1.27346,1.7984,19.58,42.2214,-71.07,5.5,0.605,14.7,5,6.25,403,Cambridge,3539,0
50,90.8,374.43,0,1.46336,1.9709,19.58,42.2282,-71.0735,1.73,0.605,14.7,5,7.489,403,Cambridge,3540,0
50,98.2,389.61,1,1.83377,2.0407,19.58,42.225,-71.077,1.92,0.605,14.7,5,7.802,403,Cambridge,3541,0
50,93.9,388.45,1,1.51902,2.162,19.58,42.225,-71.0815,3.32,0.605,14.7,5,8.375,403,Cambridge,3542,0
22.7,91.8,395.11,0,2.24236,2.422,19.58,42.2265,-71.0918,11.64,0.605,14.7,5,5.854,403,Cambridge,3543,0
25,93,240.16,0,2.924,2.2834,19.58,42.2295,-71.082,9.81,0.605,14.7,5,6.101,403,Cambridge,3544,0
50,96.2,369.3,0,2.01019,2.0459,19.58,42.2305,-71.077,3.7,0.605,14.7,5,7.929,403,Cambridge,3545,0
23.8,79.2,227.61,0,1.80028,2.4259,19.58,42.2345,-71.0866,12.14,0.605,14.7,5,5.877,403,Cambridge,3546,0
23.8,96.1,297.09,0,2.3004,2.1,19.58,42.2331,-71.074,11.1,0.605,14.7,5,6.319,403,Cambridge,3547,0
22.3,95.2,330.04,0,2.44953,2.2625,19.58,42.2351,-71.0775,11.32,0.605,14.7,5,6.402,403,Cambridge,3548,0
17.4,94.6,292.29,0,1.20742,2.4259,19.58,42.2368,-71.081,14.43,0.605,14.7,5,5.875,403,Cambridge,3549,0
19.1,97.3,348.13,0,2.3139,2.3887,19.58,42.239,-71.0792,12.03,0.605,14.7,5,5.88,403,Cambridge,3550,0
23.1,88.5,396.9,0,0.13914,2.5961,4.05,42.2416,-71.087,14.69,0.51,16.6,5,5.572,296,Arlington,3561,0
23.6,84.1,395.5,0,0.09178,2.6463,4.05,42.245,-71.0855,9.04,0.51,16.6,5,6.416,296,Arlington,3562,0
22.6,68.7,393.23,0,0.08447,2.7019,4.05,42.2475,-71.0833,9.64,0.51,16.6,5,5.859,296,Arlington,3563,0
29.4,33.1,390.96,0,0.06664,3.1323,4.05,42.2575,-71.094,5.33,0.51,16.6,5,6.546,296,Arlington,3564,0
23.2,47.2,393.23,0,0.07022,3.5549,4.05,42.255,-71.1125,10.11,0.51,16.6,5,6.02,296,Arlington,3565,0
24.6,73.4,395.6,0,0.05425,3.3175,4.05,42.2512,-71.106,6.29,0.51,16.6,5,6.315,296,Arlington,3566,0
29.9,74.4,391.27,0,0.06642,2.9153,4.05,42.247,-71.0965,6.92,0.51,16.6,5,6.86,296,Arlington,3567,0
37.2,58.4,396.9,0,0.0578,2.829,2.46,42.2408,-71.1,5.04,0.488,17.8,3,6.98,193,Belmont,3571,0
39.8,83.3,395.56,0,0.06588,2.741,2.46,42.2345,-71.0995,7.56,0.488,17.8,3,7.765,193,Belmont,3572,0
36.2,62.2,396.9,0,0.06888,2.5979,2.46,42.2282,-71.0966,9.45,0.488,17.8,3,6.144,193,Belmont,3573,0
37.9,92.2,394.12,0,0.09103,2.7006,2.46,42.2287,-71.1005,4.82,0.488,17.8,3,7.155,193,Belmont,3574,0
32.5,95.6,396.9,0,0.10008,2.847,2.46,42.23,-71.1065,5.68,0.488,17.8,3,6.563,193,Belmont,3575,0
26.4,89.8,391,0,0.08308,2.9879,2.46,42.23,-71.112,13.98,0.488,17.8,3,5.604,193,Belmont,3576,0
29.6,68.8,387.11,0,0.06047,3.2797,2.46,42.235,-71.1175,13.15,0.488,17.8,3,6.153,193,Belmont,3577,0
50,53.6,392.63,0,0.05602,3.1992,2.46,42.2442,-71.1115,4.45,0.488,17.8,3,7.831,193,Belmont,3578,0
32,41.1,393.87,0,0.07875,3.7886,3.44,42.2565,-71.122,6.68,0.437,15.2,5,6.782,398,Lexington,3581,45
29.8,29.1,382.84,0,0.12579,4.5667,3.44,42.255,-71.1408,4.56,0.437,15.2,5,6.556,398,Lexington,3583,45
34.9,38.9,396.9,0,0.0837,4.5667,3.44,42.2651,-71.145,5.39,0.437,15.2,5,7.185,398,Lexington,3584,45
33,21.5,377.68,0,0.09068,6.4798,3.44,42.27,-71.1216,5.1,0.437,15.2,5,6.951,398,Lexington,3585,45
30.5,30.8,389.71,0,0.06911,6.4798,3.44,42.2765,-71.1485,4.69,0.437,15.2,5,6.739,398,Lexington,3586,45
36.4,26.3,390.49,0,0.08664,6.4798,3.44,42.2785,-71.134,2.87,0.437,15.2,5,7.178,398,Lexington,3587,45
31.1,9.9,393.37,0,0.02187,6.2196,2.93,42.3,-71.1525,5.03,0.401,15.6,1,6.8,265,Bedford,3591,60
29.1,18.8,376.7,0,0.01439,6.2196,2.93,42.303,-71.1633,4.38,0.401,15.6,1,6.604,265,Bedford,3592,60
50,32,394.23,0,0.01381,5.6484,0.46,42.2525,-71.189,2.97,0.422,14.4,4,7.875,255,Lincoln,3602,80
33.3,34.1,396.9,0,0.04011,7.309,1.52,42.2715,-71.22,4.08,0.404,12.6,2,7.287,329,Concord,3611,80
30.3,36.6,354.31,0,0.04666,7.309,1.52,42.2725,-71.24,8.61,0.404,12.6,2,7.107,329,Concord,3612,80
34.6,38.3,392.2,0,0.03768,7.309,1.52,42.289,-71.222,6.62,0.404,12.6,2,7.274,329,Concord,3613,80
34.9,15.3,396.9,0,0.0315,7.6534,1.47,42.2425,-71.244,4.56,0.403,17,3,6.975,402,Sudbury,3651,95
32.9,13.9,384.3,0,0.01778,7.6534,1.47,42.2225,-71.263,4.45,0.403,17,3,7.135,402,Sudbury,3652,95
24.1,38.4,393.77,0,0.03445,6.27,2.03,42.1955,-71.2185,7.43,0.415,14.7,2,6.162,348,Wayland,3661,82.5
42.3,15.7,395.38,0,0.02177,6.27,2.03,42.218,-71.214,3.11,0.415,14.7,2,7.61,348,Wayland,3662,82.5
48.5,33.2,392.78,0,0.0351,5.118,2.68,42.232,-71.199,3.81,0.4161,14.7,4,7.853,224,Weston,3671,95
50,31.9,390.55,0,0.02009,5.118,2.68,42.2058,-71.199,2.88,0.4161,14.7,4,8.034,224,Weston,3672,95
22.6,22.3,396.9,0,0.13642,3.9454,10.59,42.2445,-71.1475,10.87,0.489,18.6,4,5.891,277,Waltham,3681,0
24.4,52.5,394.87,0,0.22969,4.3549,10.59,42.2308,-71.15,10.97,0.489,18.6,4,6.326,277,Waltham,3682,0
22.5,72.7,389.43,0,0.25199,4.3549,10.59,42.2268,-71.149,18.06,0.489,18.6,4,5.783,277,Waltham,3683,0
24.4,59.1,381.32,1,0.13587,4.2392,10.59,42.222,-71.1503,14.66,0.489,18.6,4,6.064,277,Waltham,3684,0
20,100,396.9,1,0.43571,3.875,10.59,42.2217,-71.143,23.09,0.489,18.6,4,5.344,277,Waltham,3685,0
21.7,92.1,393.25,1,0.17446,3.8771,10.59,42.2177,-71.1435,17.27,0.489,18.6,4,5.96,277,Waltham,3686,0
19.3,88.6,395.24,1,0.37578,3.665,10.59,42.2216,-71.138,23.98,0.489,18.6,4,5.404,277,Waltham,3687,0
22.4,53.8,390.94,1,0.21719,3.6526,10.59,42.225,-71.1335,16.03,0.489,18.6,4,5.807,277,Waltham,3688,0
28.1,32.3,385.81,0,0.14052,3.9454,10.59,42.2355,-71.1375,9.38,0.489,18.6,4,6.375,277,Waltham,3689,0
23.7,9.8,348.93,0,0.28955,3.5875,10.59,42.235,-71.127,29.55,0.489,18.6,4,5.412,277,Waltham,3690,0
25,42.4,393.63,0,0.19802,3.9454,10.59,42.2277,-71.1245,9.47,0.489,18.6,4,6.182,277,Waltham,3691,0
23.3,56,392.8,1,0.0456,3.1121,13.89,42.223,-71.1166,13.51,0.55,16.4,5,5.888,276,Watertown,3701,0
28.7,85.1,392.78,0,0.07013,3.4211,13.89,42.2235,-71.105,9.69,0.55,16.4,5,6.642,276,Watertown,3702,0
21.5,93.8,396.9,1,0.11069,2.8893,13.89,42.222,-71.0933,17.92,0.55,16.4,5,5.951,276,Watertown,3703,0
23,92.4,393.74,1,0.11425,3.3633,13.89,42.2185,-71.106,10.5,0.55,16.4,5,6.373,276,Watertown,3704,0
26.7,88.5,391.7,1,0.35809,2.8617,6.2,42.2137,-71.11,9.71,0.507,17.4,8,6.951,307,Newton,3731,0
21.7,91.3,395.24,1,0.40771,3.048,6.2,42.2166,-71.121,21.46,0.507,17.4,8,6.164,307,Newton,3732,0
27.5,77.7,390.39,1,0.62356,3.2721,6.2,42.2134,-71.125,9.93,0.507,17.4,8,6.879,307,Newton,3733,0
30.1,80.8,396.9,0,0.6147,3.2721,6.2,42.2183,-71.1208,7.6,0.507,17.4,8,6.618,307,Newton,3734,0
44.8,78.3,385.05,0,0.31533,2.8944,6.2,42.206,-71.11,4.14,0.504,17.4,8,8.266,307,Newton,3735,0
50,83,382,0,0.52693,2.8944,6.2,42.1975,-71.1012,4.63,0.504,17.4,8,8.725,307,Newton,3736,0
37.6,86.5,387.38,0,0.38214,3.2157,6.2,42.2025,-71.1215,3.13,0.504,17.4,8,8.04,307,Newton,3737,0
31.6,79.9,372.08,0,0.41238,3.2157,6.2,42.1947,-71.116,6.36,0.504,17.4,8,7.163,307,Newton,3738,0
46.7,17,377.51,0,0.29819,3.3751,6.2,42.185,-71.11,3.92,0.504,17.4,8,7.686,307,Newton,3739,0
31.5,21.4,380.34,0,0.44178,3.3751,6.2,42.1807,-71.119,3.76,0.504,17.4,8,6.552,307,Newton,3740,0
24.3,68.1,378.35,0,0.537,3.6715,6.2,42.188,-71.13,11.65,0.504,17.4,8,5.981,307,Newton,3741,0
31.7,76.9,376.14,0,0.46296,3.6715,6.2,42.193,-71.1285,5.25,0.504,17.4,8,7.412,307,Newton,3742,0
41.7,73.3,385.91,0,0.57529,3.8384,6.2,42.1946,-71.14,2.47,0.507,17.4,8,8.337,307,Newton,3743,0
48.3,70.4,378.95,0,0.33147,3.6519,6.2,42.204,-71.134,3.95,0.507,17.4,8,8.247,307,Newton,3744,0
29,66.5,360.2,1,0.44791,3.6519,6.2,42.2142,-71.132,8.05,0.507,17.4,8,6.726,307,Newton,3745,0
24,61.5,376.75,0,0.33045,3.6519,6.2,42.2141,-71.138,10.88,0.507,17.4,8,6.086,307,Newton,3746,0
25.1,76.5,388.45,1,0.52058,4.148,6.2,42.211,-71.1485,9.54,0.507,17.4,8,6.631,307,Newton,3747,0
31.5,71.6,390.07,0,0.51183,4.148,6.2,42.203,-71.1491,4.73,0.507,17.4,8,7.358,307,Newton,3748,0
23.7,18.5,379.41,0,0.08244,6.1899,4.93,42.1875,-71.2055,6.36,0.428,16.6,6,6.481,300,Natick,3821,30
23.3,42.2,383.78,0,0.09252,6.1899,4.93,42.187,-71.2035,7.37,0.428,16.6,6,6.606,300,Natick,3822,30
27,54.3,391.25,0,0.11329,6.3361,4.93,42.164,-71.1966,11.38,0.428,16.6,6,6.897,300,Natick,3823,30
20.1,65.1,394.62,0,0.10612,6.3361,4.93,42.1645,-71.2138,12.4,0.428,16.6,6,6.095,300,Natick,3824,30
22.2,52.9,372.75,0,0.1029,7.0355,4.93,42.1782,-71.22,11.22,0.428,16.6,6,6.358,300,Natick,3825,30
23.7,7.8,374.71,0,0.12757,7.0355,4.93,42.1725,-71.232,5.19,0.428,16.6,6,6.393,300,Natick,3826,30
17.6,76.5,372.49,0,0.20608,7.9549,5.86,42.163,-71.2435,12.5,0.431,19.1,7,5.593,330,Framingham,3831,22
18.5,70.2,389.13,0,0.19133,7.9549,5.86,42.1618,-71.2575,18.46,0.431,19.1,7,5.605,330,Framingham,3832,22
24.3,34.9,390.18,0,0.33983,8.0555,5.86,42.169,-71.262,9.16,0.431,19.1,7,6.108,330,Framingham,3833,22
20.5,79.2,376.14,0,0.19657,8.0555,5.86,42.1703,-71.247,10.15,0.431,19.1,7,6.226,330,Framingham,3834,22
24.5,49.1,374.71,0,0.16439,7.8265,5.86,42.1767,-71.255,9.52,0.431,19.1,7,6.433,330,Framingham,3835,22
26.2,17.5,393.74,0,0.19073,7.8265,5.86,42.1825,-71.2475,6.56,0.431,19.1,7,6.718,330,Framingham,3836,22
24.4,13,396.28,0,0.1403,7.3967,5.86,42.191,-71.238,5.9,0.431,19.1,7,6.487,330,Framingham,3837,22
24.8,8.9,377.07,0,0.21409,7.3967,5.86,42.1982,-71.2435,3.59,0.431,19.1,7,6.438,330,Framingham,3838,22
29.6,6.8,386.09,0,0.08221,8.9067,5.86,42.1935,-71.2685,3.53,0.431,19.1,7,6.957,330,Framingham,3839,22
42.8,8.4,396.9,0,0.36894,8.9067,5.86,42.1727,-71.2807,3.54,0.431,19.1,7,8.259,330,Framingham,3840,22
21.9,32,392.89,0,0.04819,9.2203,3.64,42.1575,-71.2895,6.57,0.392,16.4,1,6.108,315,Ashland,3851,80
20.9,19.1,395.18,0,0.03548,9.2203,3.64,42.1482,-71.269,9.25,0.392,16.4,1,5.876,315,Ashland,3852,80
44,34.2,386.34,0,0.01538,6.3361,3.75,42.145,-71.223,3.11,0.394,15.9,3,7.454,244,Sherborn,3861,90
50,86.9,389.7,0,0.61154,1.801,3.97,42.2073,-71.0679,5.12,0.647,13,5,8.704,264,Brookline,4001,20
36,100,383.29,0,0.66351,1.8946,3.97,42.2077,-71.0727,7.79,0.647,13,5,7.333,264,Brookline,4002,20
30.1,100,391.93,0,0.65665,2.0107,3.97,42.2075,-71.0765,6.9,0.647,13,5,6.842,264,Brookline,4003,20
33.8,81.8,392.8,0,0.54011,2.1121,3.97,42.204,-71.08,9.59,0.647,13,5,7.203,264,Brookline,4004,20
43.1,89.4,388.37,0,0.53412,2.1398,3.97,42.202,-71.079,7.26,0.647,13,5,7.52,264,Brookline,4005,20
48.8,91.5,386.86,0,0.52014,2.2885,3.97,42.2,-71.0835,5.91,0.647,13,5,8.398,264,Brookline,4006,20
31,94.5,393.42,0,0.82526,2.0788,3.97,42.198,-71.075,11.25,0.647,13,5,7.327,264,Brookline,4007,20
36.5,91.6,387.89,0,0.55007,1.9301,3.97,42.203,-71.071,8.1,0.647,13,5,7.206,264,Brookline,4008,20
22.8,62.8,392.4,0,0.76162,1.9865,3.97,42.2,-71.07,10.45,0.647,13,5,5.56,264,Brookline,4009,20
30.7,84.6,384.07,0,0.7857,2.1329,3.97,42.1965,-71.0725,14.79,0.647,13,5,7.014,264,Brookline,4010,20
50,67,384.54,0,0.57834,2.4216,3.97,42.1925,-71.085,7.44,0.575,13,5,8.297,264,Brookline,4011,20
43.5,52.6,390.3,0,0.5405,2.872,3.97,42.2075,-71.0925,3.16,0.575,13,5,7.47,264,Brookline,4012,20
20.7,61.5,391.34,1,0.09065,3.9175,6.96,42.154,-71.098,13.65,0.464,18.6,3,5.92,223,Dedham,4021,20
21.1,42.1,388.65,0,0.29916,4.429,6.96,42.141,-71.087,13,0.464,18.6,3,5.856,223,Dedham,4022,20
25.2,16.3,396.9,0,0.16211,4.429,6.96,42.1355,-71.094,6.59,0.464,18.6,3,6.24,223,Dedham,4023,20
24.4,58.7,394.96,0,0.1146,3.9175,6.96,42.1445,-71.0982,7.73,0.464,18.6,3,6.538,223,Dedham,4024,20
35.2,51.8,390.77,1,0.22188,4.3665,6.96,42.151,-71.117,6.58,0.464,18.6,3,7.691,223,Dedham,4025,20
32.4,32.9,396.9,1,0.05644,4.0776,6.41,42.1675,-71.1305,3.53,0.447,17.6,4,6.758,254,Needham,4031,40
32,42.8,396.9,0,0.09604,4.2673,6.41,42.1733,-71.138,2.98,0.447,17.6,4,6.854,254,Needham,4032,40
33.2,49,389.25,1,0.10469,4.7872,6.41,42.1632,-71.1405,6.05,0.447,17.6,4,7.267,254,Needham,4033,40
33.1,27.6,393.45,1,0.06127,4.8628,6.41,42.173,-71.1495,4.16,0.447,17.6,4,6.826,254,Needham,4034,40
29.1,32.1,396.9,0,0.07978,4.1403,6.41,42.1813,-71.1395,7.19,0.447,17.6,4,6.482,254,Needham,4035,40
35.1,32.2,396.9,0,0.21038,4.1007,3.33,42.188,-71.148,4.85,0.4429,14.9,5,6.812,216,Wellesley,4041,20
45.4,64.5,387.31,0,0.03578,4.6947,3.33,42.187,-71.166,3.76,0.4429,14.9,5,7.82,216,Wellesley,4042,20
35.4,37.2,392.23,0,0.03705,5.2447,3.33,42.1848,-71.185,4.59,0.4429,14.9,5,6.968,216,Wellesley,4043,20
46,49.7,377.07,1,0.06129,5.2119,3.33,42.1735,-71.1775,3.01,0.4429,14.9,5,7.645,216,Wellesley,4044,20
50,24.8,395.52,1,0.01501,5.885,1.21,42.1475,-71.173,3.16,0.401,13.6,1,7.923,198,Dover,4051,90
32.2,20.8,394.72,0,0.00906,7.3073,2.97,42.1105,-71.18,7.85,0.4,15.3,1,7.088,285,Medfield,4061,90
22,31.9,394.72,0,0.01096,7.3073,2.25,42.1,-71.2135,8.23,0.389,15.3,1,6.453,300,Millis,4071,55
20.1,31.5,341.6,0,0.01965,9.0892,1.76,42.0675,-71.195,12.93,0.385,18.2,1,6.23,241,Norfolk,4091,80
23.2,31.3,396.9,0,0.03871,7.3172,5.32,42.0775,-71.148,7.14,0.405,16.6,6,6.209,293,Walpole,4111,52.5
22.3,45.6,396.9,0,0.0459,7.3172,5.32,42.094,-71.1325,7.6,0.405,16.6,6,6.315,293,Walpole,4112,52.5
24.8,22.9,371.72,0,0.04297,7.3172,5.32,42.098,-71.155,9.51,0.405,16.6,6,6.565,293,Walpole,4113,52.5
28.5,27.9,396.9,0,0.03502,5.1167,4.95,42.1235,-71.1385,3.33,0.411,19.2,4,6.861,245,Westwood,4121,80
37.3,27.7,396.9,0,0.07886,5.1167,4.95,42.1408,-71.133,3.56,0.411,19.2,4,7.148,245,Westwood,4122,80
27.9,23.4,396.9,0,0.03615,5.1167,4.95,42.1307,-71.107,4.7,0.411,19.2,4,6.63,245,Westwood,4123,80
23.9,18.4,396.9,0,0.08265,5.5027,13.92,42.11,-71.109,8.58,0.437,16,4,6.127,289,Norwood,4131,0
21.7,42.3,396.9,0,0.08199,5.5027,13.92,42.1217,-71.118,10.4,0.437,16,4,6.009,289,Norwood,4132,0
28.6,31.1,396.9,0,0.12932,5.9604,13.92,42.1166,-71.1309,6.27,0.437,16,4,6.678,289,Norwood,4133,0
27.1,51,392.85,0,0.05372,5.9604,13.92,42.1108,-71.128,7.39,0.437,16,4,6.549,289,Norwood,4134,0
20.3,58,396.9,0,0.14103,6.32,13.92,42.1025,-71.121,15.84,0.437,16,4,5.79,289,Norwood,4135,0
22.5,20.1,368.24,0,0.06466,7.8278,2.24,42.0725,-71.12,4.97,0.4,14.8,5,6.345,358,Sharon,4141,70
29,10,371.58,0,0.05561,7.8278,2.24,42.059,-71.1,4.74,0.4,14.8,5,7.041,358,Sharon,4142,70
24.8,47.4,390.86,0,0.04417,7.8278,2.24,42.0735,-71.1035,6.07,0.4,14.8,5,6.871,358,Sharon,4143,70
22,40.4,395.75,0,0.03537,5.4917,6.09,42.095,-71.0875,9.5,0.433,16.1,7,6.59,329,Canton,4151,34
26.4,18.4,383.61,0,0.09266,5.4917,6.09,42.102,-71.0625,8.67,0.433,16.1,7,6.495,329,Canton,4152,34
33.1,17.7,390.43,0,0.1,5.4917,6.09,42.12,-71.0865,4.86,0.433,16.1,7,6.982,329,Canton,4153,34
36.1,41.1,393.68,0,0.05515,4.022,2.18,42.145,-71.0465,6.93,0.472,18.4,7,7.236,222,Milton,4161,33
28.4,58.1,393.36,0,0.05479,3.37,2.18,42.1525,-71.057,8.93,0.472,18.4,7,6.616,222,Milton,4162,33
33.4,71.9,396.9,0,0.07503,3.0992,2.18,42.159,-71.045,6.47,0.472,18.4,7,7.42,222,Milton,4163,33
28.2,70.3,396.9,0,0.04932,3.1827,2.18,42.1565,-71.028,7.53,0.472,18.4,7,6.849,222,Milton,4164,33
22.8,82.5,396.9,0,0.49298,3.3175,9.9,42.1555,-71.0138,4.54,0.544,18.4,4,6.635,304,Quincy,4171,0
20.3,76.7,396.24,0,0.3494,3.1025,9.9,42.16,-71.0201,9.97,0.544,18.4,4,5.972,304,Quincy,4172,0
16.1,37.8,350.45,0,2.63548,2.5194,9.9,42.176,-71.016,12.64,0.544,18.4,4,4.973,304,Quincy,4173,0
22.1,52.8,396.9,0,0.79041,2.6403,9.9,42.178,-71.0075,5.98,0.544,18.4,4,6.122,304,Quincy,4174,0
19.4,90.4,396.3,0,0.26169,2.834,9.9,42.167,-71.015,11.72,0.544,18.4,4,6.023,304,Quincy,4175,0
21.6,82.8,393.39,0,0.26938,3.2628,9.9,42.1613,-71.0075,7.9,0.544,18.4,4,6.266,304,Quincy,4176,0
23.8,87.3,395.69,0,0.3692,3.6023,9.9,42.153,-71,9.28,0.544,18.4,4,6.567,304,Quincy,4177,0
16.2,77.7,396.42,0,0.25356,3.945,9.9,42.158,-70.9795,11.5,0.544,18.4,4,5.705,304,Quincy,4178,0
17.8,83.2,390.7,0,0.31827,3.9986,9.9,42.1485,-70.988,18.33,0.544,18.4,4,5.914,304,Quincy,4179,0
19.8,71.7,396.9,0,0.24522,4.0317,9.9,42.1425,-71.004,15.94,0.544,18.4,4,5.782,304,Quincy,4180,0
23.1,67.2,395.21,0,0.40202,3.5325,9.9,42.15,-71.01,10.36,0.544,18.4,4,6.382,304,Quincy,4181,0
21,58.8,396.23,0,0.47547,4.0019,9.9,42.151,-71.02,12.73,0.544,18.4,4,6.113,304,Quincy,4182,0
23.8,52.3,396.9,0,0.1676,4.5404,7.38,42.129,-71.0085,7.2,0.493,19.6,5,6.426,287,Braintree,4191,0
23.1,54.3,396.9,0,0.18159,4.5404,7.38,42.134,-70.9975,6.87,0.493,19.6,5,6.376,287,Braintree,4192,0
20.4,49.9,396.9,0,0.35114,4.7211,7.38,42.1367,-70.99,7.7,0.493,19.6,5,6.041,287,Braintree,4193,0
18.5,74.3,391.13,0,0.28392,4.7211,7.38,42.1375,-70.9834,11.74,0.493,19.6,5,5.708,287,Braintree,4194,0
25,40.1,396.9,0,0.34109,4.7211,7.38,42.1265,-70.9895,6.12,0.493,19.6,5,6.415,287,Braintree,4195,0
24.6,14.7,393.68,0,0.19186,5.4159,7.38,42.1066,-71,5.08,0.493,19.6,5,6.431,287,Braintree,4196,0
23,28.9,396.9,0,0.30347,5.4159,7.38,42.1175,-70.9995,6.15,0.493,19.6,5,6.312,287,Braintree,4197,0
22.2,43.7,396.9,0,0.24103,5.4159,7.38,42.1215,-71.01,12.79,0.493,19.6,5,6.083,287,Braintree,4198,0
19.3,25.8,382.44,0,0.06617,5.2146,3.24,42.113,-71.0275,9.97,0.46,16.9,4,5.868,430,Randolph,4201,0
22.6,17.2,375.21,0,0.06724,5.2146,3.24,42.115,-71.0415,7.34,0.46,16.9,4,6.333,430,Randolph,4202,0
19.8,32.2,368.57,0,0.04544,5.8736,3.24,42.098,-71.025,9.09,0.46,16.9,4,6.144,430,Randolph,4203,0
17.1,28.4,394.02,0,0.05023,6.6407,6.06,42.0865,-71.0115,12.43,0.4379,16.9,1,5.706,304,Holbrook,4211,35
19.4,23.3,362.25,0,0.03466,6.6407,6.06,42.0895,-70.996,7.83,0.4379,16.9,1,6.031,304,Holbrook,4212,35
22.2,38.1,389.71,0,0.05083,6.4584,5.19,42.0995,-70.9795,5.68,0.515,20.2,5,6.316,224,Weymouth,4221,0
20.7,38.5,389.4,0,0.03738,6.4584,5.19,42.101,-70.965,6.75,0.515,20.2,5,6.31,224,Weymouth,4222,0
21.1,34.5,396.9,0,0.03961,5.9853,5.19,42.115,-70.97,8.01,0.515,20.2,5,6.037,224,Weymouth,4223,0
19.5,46.3,396.9,0,0.03427,5.2311,5.19,42.128,-70.976,9.8,0.515,20.2,5,5.869,224,Weymouth,4224,0
18.5,59.6,394.81,0,0.03041,5.615,5.19,42.127,-70.9602,10.56,0.515,20.2,5,5.895,224,Weymouth,4225,0
20.6,37.3,396.14,0,0.03306,4.8122,5.19,42.1374,-70.9633,8.51,0.515,20.2,5,6.059,224,Weymouth,4226,0
19,45.4,396.9,0,0.05497,4.8122,5.19,42.144,-70.9675,9.74,0.515,20.2,5,5.985,224,Weymouth,4227,0
18.7,58.5,396.9,0,0.06151,4.8122,5.19,42.1503,-70.965,9.29,0.515,20.2,5,5.968,224,Weymouth,4228,0
32.7,49.3,394.74,0,0.01301,7.0379,1.52,42.1465,-70.8875,5.49,0.442,15.5,1,7.241,284,Cohasset,4231,35
16.5,59.7,389.96,0,0.02498,6.2669,1.89,42.16,-70.915,8.65,0.518,15.9,1,6.54,422,Hull,5001,0
23.9,56.4,396.9,0,0.02543,5.7321,3.78,42.1475,-70.937,7.18,0.484,17.6,5,6.696,370,Hingham,5011,55
31.2,28.1,387.97,0,0.03049,6.4654,3.78,42.123,-70.9325,4.61,0.484,17.6,5,6.874,370,Hingham,5012,55
17.5,48.5,385.64,0,0.03113,8.0136,4.39,42.0725,-70.947,10.53,0.442,18.8,3,6.014,352,Rockland,5021,0
17.2,52.3,364.61,0,0.06162,8.0136,4.39,42.0825,-70.9501,12.67,0.442,18.8,3,5.898,352,Rockland,5022,0
23.1,27.7,392.43,0,0.0187,8.5353,4.15,42.0795,-70.9275,6.36,0.429,17.9,4,6.516,351,Hanover,5031,85
24.5,29.7,390.94,0,0.01501,8.344,2.01,42.1016,-70.92,5.99,0.435,17,4,6.635,280,Norwell,5041,80
26.6,34.5,389.85,0,0.02899,8.7921,1.25,42.13,-70.855,5.89,0.429,19.7,1,6.939,335,Scituate,5051,40
22.9,44.4,396.9,0,0.06211,8.7921,1.25,42.115,-70.833,5.98,0.429,19.7,1,6.49,335,Scituate,5052,40
24.1,35.9,370.78,0,0.0795,10.7103,1.69,42.0775,-70.83,5.49,0.411,18.3,4,6.579,411,Marshfield,5061,60
18.6,18.5,392.33,0,0.07244,10.7103,1.69,42.059,-70.81,7.79,0.411,18.3,4,5.884,411,Marshfield,5062,60
30.1,36.1,384.46,0,0.01709,12.1265,2.02,42.0485,-70.83,4.5,0.41,17,5,6.728,187,Duxbury,5071,90
18.2,21.9,382.8,0,0.04301,10.5857,1.91,42.052,-70.853,8.05,0.413,22,4,5.663,334,Pembroke,5081,80
20.6,19.5,376.04,0,0.10659,10.5857,1.91,42.03,-70.8525,5.57,0.413,22,4,5.936,334,Pembroke,5082,80
17.8,97.4,377.73,1,8.98296,2.1222,18.1,42.2172,-71.083,17.6,0.77,20.2,24,6.212,666,Boston Allston-Brighton,1,0
21.7,91,391.34,1,3.8497,2.5052,18.1,42.212,-71.095,13.27,0.77,20.2,24,6.395,666,Boston Allston-Brighton,2,0
22.7,83.4,395.43,1,5.20177,2.7227,18.1,42.21,-71.1007,11.48,0.77,20.2,24,6.127,666,Boston Allston-Brighton,3,0
22.6,81.3,390.74,0,4.26131,2.5091,18.1,42.207,-71.093,12.67,0.77,20.2,24,6.112,666,Boston Allston-Brighton,4,0
25,88,374.56,0,4.54192,2.5182,18.1,42.2033,-71.0905,7.79,0.77,20.2,24,6.398,666,Boston Allston-Brighton,5,0
19.9,91.1,350.65,0,3.83684,2.2955,18.1,42.21,-71.0865,14.19,0.77,20.2,24,6.251,666,Boston Allston-Brighton,6,0
20.8,96.2,380.79,0,3.67822,2.1036,18.1,42.208,-71.081,10.19,0.77,20.2,24,5.362,666,Boston Allston-Brighton,7,0
16.8,89,353.04,1,4.22239,1.9047,18.1,42.215,-71.0865,14.64,0.77,20.2,24,5.803,666,Boston Allston-Brighton,8,0
21.9,82.9,354.55,1,3.47428,1.9047,18.1,42.2098,-71.059,5.29,0.718,20.2,24,8.78,666,Boston Back Bay,101,0
27.5,87.9,354.7,0,4.55587,1.6132,18.1,42.2075,-71.0595,7.12,0.718,20.2,24,3.561,666,Boston Back Bay,102,0
21.9,91.4,316.03,0,3.69695,1.7523,18.1,42.2052,-71.054,14,0.718,20.2,24,4.963,666,Boston Back Bay,104,0
23.1,100,131.42,0,13.5222,1.5106,18.1,42.207,-71.0508,13.33,0.631,20.2,24,3.863,666,Boston Back Bay,105,0
50,100,375.52,0,4.89822,1.3325,18.1,42.2105,-71.048,3.26,0.631,20.2,24,4.97,666,Boston Back Bay,107,0
50,96.8,375.33,1,5.66998,1.3567,18.1,42.2125,-71.0497,3.73,0.631,20.2,24,6.683,666,Boston Back Bay,108,0
50,97.5,392.05,1,6.53876,1.2024,18.1,42.2144,-71.0422,2.96,0.631,20.2,24,7.016,666,Boston Beacon Hill,201,0
50,100,366.15,0,9.2323,1.1691,18.1,42.216,-71.0417,9.53,0.631,20.2,24,6.216,666,Boston Beacon Hill,202,0
50,89.6,347.88,1,8.26725,1.1296,18.1,42.2182,-71.0397,8.88,0.668,20.2,24,5.875,666,Boston Beacon Hill,203,0
13.8,100,396.9,0,11.1081,1.1742,18.1,42.2207,-71.0339,34.77,0.668,20.2,24,4.906,666,Boston North End,301,0
13.8,100,396.9,0,18.4982,1.137,18.1,42.2187,-71.0346,37.97,0.668,20.2,24,4.138,666,Boston North End,302,0
15,97.9,396.9,0,19.6091,1.3163,18.1,42.224,-71.0367,13.44,0.671,20.2,24,7.313,666,Boston Charlestown,401,0
13.9,93.3,363.02,0,15.288,1.3449,18.1,42.226,-71.034,23.24,0.671,20.2,24,6.649,666,Boston Charlestown,402,0
13.3,98.8,396.9,0,9.82349,1.358,18.1,42.2265,-71.038,21.24,0.671,20.2,24,6.794,666,Boston Charlestown,403,0
13.1,96.2,396.9,0,23.6482,1.3861,18.1,42.2248,-71.04,23.69,0.671,20.2,24,6.38,666,Boston Charlestown,404,0
10.2,100,393.74,0,17.8667,1.3861,18.1,42.2275,-71.04,21.78,0.671,20.2,24,6.223,666,Boston Charlestown,405,0
10.4,91.9,396.9,0,88.9762,1.4165,18.1,42.23,-71.046,17.21,0.671,20.2,24,6.968,666,Boston Charlestown,406,0
10.9,99.1,396.9,0,15.8744,1.5192,18.1,42.229,-71.041,21.08,0.671,20.2,24,6.545,666,Boston East Boston,407,0
11.3,100,396.9,0,9.18702,1.5804,18.1,42.2287,-71.023,23.6,0.7,20.2,24,5.536,666,Boston East Boston,501,0
12.3,100,396.9,0,7.99248,1.5331,18.1,42.227,-71.0215,24.56,0.7,20.2,24,5.52,666,Boston East Boston,502,0
8.8,91.2,285.83,0,20.0849,1.4395,18.1,42.2235,-71.0245,30.63,0.7,20.2,24,4.368,666,Boston East Boston,503,0
7.2,98.1,396.9,0,16.8118,1.4261,18.1,42.2213,-71.0235,30.81,0.7,20.2,24,5.277,666,Boston East Boston,504,0
10.5,100,396.9,0,24.3938,1.4672,18.1,42.2231,-71.0228,28.28,0.7,20.2,24,4.652,666,Boston East Boston,506,0
7.4,89.5,396.9,0,22.5971,1.5184,18.1,42.2248,-71.0215,31.99,0.7,20.2,24,5,666,Boston East Boston,507,0
10.2,100,372.92,0,14.3337,1.5895,18.1,42.2255,-71.0195,30.62,0.7,20.2,24,4.88,666,Boston East Boston,508,0
11.5,98.9,396.9,0,8.15174,1.7281,18.1,42.2281,-71.0168,20.85,0.7,20.2,24,5.39,666,Boston East Boston,509,0
15.1,97,394.43,0,6.96215,1.9265,18.1,42.23,-71.0109,17.11,0.7,20.2,24,5.713,666,Boston East Boston,510,0
23.2,82.5,378.38,0,5.29305,2.1678,18.1,42.233,-71.0035,18.76,0.7,20.2,24,6.051,666,Boston East Boston,511,0
9.7,97,396.9,0,11.5779,1.77,18.1,42.2205,-71.02,25.68,0.7,20.2,24,5.036,666,Boston East Boston,512,0
13.8,92.6,396.9,0,8.64476,1.7912,18.1,42.201,-71.0167,15.17,0.693,20.2,24,6.193,666,Boston South Boston,601,0
12.7,94.7,396.9,0,13.3598,1.7821,18.1,42.1993,-71.02,16.35,0.693,20.2,24,5.887,666,Boston South Boston,602,0
13.1,98.8,391.98,0,8.71675,1.7257,18.1,42.1996,-71.022,17.12,0.693,20.2,24,6.471,666,Boston South Boston,603,0
12.5,96,396.9,0,5.87205,1.6768,18.1,42.1993,-71.026,19.37,0.693,20.2,24,6.405,666,Boston South Boston,604,0
8.5,98.9,393.1,0,7.67202,1.6334,18.1,42.2024,-71.025,19.92,0.693,20.2,24,5.747,666,Boston South Boston,605,0
5,100,396.9,0,38.3518,1.4896,18.1,42.209,-71.023,30.59,0.693,20.2,24,5.453,666,Boston South Boston,606,0
6.3,77.8,338.16,0,9.91655,1.5004,18.1,42.2032,-71.033,29.97,0.693,20.2,24,5.852,666,Boston South Boston,607,0
5.6,100,396.9,0,25.0461,1.5888,18.1,42.2011,-71.0326,26.77,0.693,20.2,24,5.987,666,Boston South Boston,608,0
7.2,100,396.9,0,14.2362,1.5741,18.1,42.2015,-71.03,20.32,0.693,20.2,24,6.343,666,Boston South Boston,609,0
12.1,100,376.11,0,9.59571,1.639,18.1,42.1988,-71.03,20.31,0.693,20.2,24,6.404,666,Boston South Boston,610,0
8.3,96,396.9,0,24.8017,1.7028,18.1,42.198,-71.0332,19.77,0.693,20.2,24,5.349,666,Boston South Boston,612,0
8.5,85.4,329.46,0,41.5292,1.6074,18.1,42.2001,-71.0345,27.38,0.693,20.2,24,5.531,666,Boston South Boston,613,0
5,100,384.97,0,67.9208,1.4254,18.1,42.2057,-71.032,22.98,0.693,20.2,24,5.683,666,Boston South Boston,614,0
11.9,100,370.22,0,20.7162,1.1781,18.1,42.2198,-71.039,23.34,0.659,20.2,24,4.138,666,Boston Downtown,702,0
27.9,100,332.09,0,11.9511,1.2852,18.1,42.209,-71.0427,12.13,0.659,20.2,24,5.608,666,Boston Downtown,703,0
17.2,97.9,314.64,0,7.40389,1.4547,18.1,42.205,-71.0437,26.4,0.597,20.2,24,5.617,666,Boston Downtown,705,0
27.5,100,179.36,0,14.4383,1.4655,18.1,42.206,-71.0455,19.78,0.597,20.2,24,6.852,666,Boston Downtown,706,0
15,100,2.6,0,51.1358,1.413,18.1,42.2075,-71.0462,10.11,0.597,20.2,24,5.757,666,Boston Downtown,707,0
17.2,100,35.05,0,14.0507,1.5275,18.1,42.2048,-71.0487,21.22,0.597,20.2,24,6.657,666,Boston Downtown,708,0
17.9,100,28.79,0,18.811,1.5539,18.1,42.203,-71.047,34.37,0.597,20.2,24,4.628,666,Boston Downtown,709,0
16.3,100,210.97,0,28.6558,1.5894,18.1,42.2015,-71.0451,20.08,0.597,20.2,24,5.155,666,Boston Downtown,710,0
7,100,88.27,0,45.7461,1.6582,18.1,42.1985,-71.042,36.98,0.693,20.2,24,4.519,666,Boston Roxbury,801,0
7.2,100,27.25,0,18.0846,1.8347,18.1,42.1953,-71.0455,29.05,0.679,20.2,24,6.434,666,Boston Roxbury,802,0
7.5,90.8,21.57,0,10.8342,1.8195,18.1,42.1965,-71.0477,25.79,0.679,20.2,24,6.782,666,Boston Roxbury,803,0
10.4,89.1,127.36,0,25.9406,1.6475,18.1,42.2007,-71.0498,26.64,0.679,20.2,24,5.304,666,Boston Roxbury,805,0
8.8,100,16.45,0,73.5341,1.8026,18.1,42.1989,-71.0525,20.62,0.679,20.2,24,5.957,666,Boston Roxbury,807,0
8.4,76.5,48.45,0,11.8123,1.794,18.1,42.1999,-71.0586,22.74,0.718,20.2,24,6.824,666,Boston Roxbury,808,0
16.7,100,318.75,0,11.0874,1.8589,18.1,42.199,-71.0618,15.02,0.718,20.2,24,6.411,666,Boston Roxbury,809,0
14.2,95.3,319.98,0,7.02259,1.8746,18.1,42.2018,-71.065,15.7,0.718,20.2,24,6.006,666,Boston Roxbury,810,0
20.8,87.6,291.55,0,12.0482,1.9512,18.1,42.197,-71.0665,14.1,0.614,20.2,24,5.648,666,Boston Roxbury,811,0
13.4,85.1,2.52,0,7.05042,2.0218,18.1,42.1948,-71.0619,23.29,0.614,20.2,24,6.103,666,Boston Roxbury,812,0
11.7,70.6,3.65,0,8.79212,2.0635,18.1,42.192,-71.059,17.16,0.584,20.2,24,5.565,666,Boston Roxbury,813,0
8.3,95.4,7.68,0,15.8603,1.9096,18.1,42.1967,-71.0577,24.39,0.679,20.2,24,5.896,666,Boston Roxbury,814,0
10.2,59.7,24.65,0,12.2472,1.9976,18.1,42.1937,-71.0558,15.69,0.584,20.2,24,5.837,666,Boston Roxbury,815,0
10.9,78.7,18.82,0,37.6619,1.8629,18.1,42.1961,-71.0542,14.52,0.679,20.2,24,6.202,666,Boston Roxbury,816,0
11,78.1,96.73,0,7.36711,1.9356,18.1,42.194,-71.0521,21.52,0.679,20.2,24,6.193,666,Boston Roxbury,817,0
9.5,95.6,60.72,0,9.33889,1.9682,18.1,42.192,-71.0485,24.08,0.679,20.2,24,6.38,666,Boston Roxbury,818,0
14.5,86.1,83.45,0,8.49213,2.0527,18.1,42.189,-71.0547,17.64,0.584,20.2,24,6.348,666,Boston Roxbury,819,0
14.1,94.3,81.33,0,10.0623,2.0882,18.1,42.188,-71.0505,19.69,0.584,20.2,24,6.833,666,Boston Roxbury,820,0
16.1,74.8,97.95,0,6.44405,2.2004,18.1,42.1854,-71.052,12.03,0.584,20.2,24,6.425,666,Boston Roxbury,821,0
14.3,87.9,100.19,0,5.58107,2.3158,18.1,42.1815,-71.0495,16.22,0.713,20.2,24,6.436,666,Boston Savin Hill,901,0
11.7,95,100.63,0,13.9134,2.2222,18.1,42.1842,-71.0475,15.17,0.713,20.2,24,6.208,666,Boston Savin Hill,902,0
13.4,94.6,109.85,0,11.1604,2.1247,18.1,42.1867,-71.046,23.27,0.74,20.2,24,6.629,666,Boston Savin Hill,903,0
9.6,93.3,27.49,0,14.4208,2.0026,18.1,42.1893,-71.0455,18.05,0.74,20.2,24,6.461,666,Boston Savin Hill,904,0
8.2,100,9.32,0,15.1772,1.9142,18.1,42.1917,-71.0445,26.45,0.74,20.2,24,6.152,666,Boston Savin Hill,905,0
8.4,87.9,68.95,0,13.6781,1.8206,18.1,42.1938,-71.0445,34.02,0.74,20.2,24,5.935,666,Boston Savin Hill,906,0
12.8,93.9,396.9,0,9.39063,1.8172,18.1,42.194,-71.037,22.88,0.74,20.2,24,5.627,666,Boston Savin Hill,907,0
10.5,92.4,391.45,0,22.0511,1.8662,18.1,42.1925,-71.0321,22.11,0.74,20.2,24,5.818,666,Boston Savin Hill,908,0
17.1,97.2,385.96,0,9.72418,2.0651,18.1,42.185,-71.0345,19.52,0.74,20.2,24,6.406,666,Boston Savin Hill,910,0
14.8,100,395.69,0,5.66637,2.0048,18.1,42.189,-71.034,16.59,0.74,20.2,24,6.219,666,Boston Savin Hill,911,0
15.4,100,386.73,0,9.96654,1.9784,18.1,42.1892,-71.0378,18.85,0.74,20.2,24,6.485,666,Boston Savin Hill,912,0
10.8,96.6,240.52,0,12.8023,1.8956,18.1,42.192,-71.0405,23.79,0.74,20.2,24,5.854,666,Boston Savin Hill,913,0
11.8,94.8,43.06,0,10.6718,1.9879,18.1,42.189,-71.0425,23.98,0.74,20.2,24,6.459,666,Boston Savin Hill,914,0
14.9,96.4,318.01,0,6.28807,2.072,18.1,42.1868,-71.039,17.79,0.74,20.2,24,6.341,666,Boston Savin Hill,915,0
12.6,96.6,388.52,0,9.92485,2.198,18.1,42.184,-71.037,16.44,0.74,20.2,24,6.251,666,Boston Savin Hill,916,0
14.1,98.7,396.9,0,9.32909,2.2616,18.1,42.182,-71.04,18.13,0.713,20.2,24,6.185,666,Boston Savin Hill,917,0
13,98.3,304.21,0,7.52601,2.185,18.1,42.1845,-71.0428,19.31,0.713,20.2,24,6.417,666,Boston Savin Hill,918,0
13.4,92.6,0.32,0,6.71772,2.3236,18.1,42.181,-71.046,17.44,0.713,20.2,24,6.749,666,Boston Savin Hill,919,0
15.2,98.2,355.29,0,5.44114,2.3552,18.1,42.1795,-71.041,17.73,0.713,20.2,24,6.655,666,Boston Savin Hill,920,0
16.1,91.8,385.09,0,5.09017,2.3682,18.1,42.179,-71.034,17.27,0.713,20.2,24,6.297,666,Boston Savin Hill,921,0
17.8,99.3,375.87,0,8.24809,2.4527,18.1,42.177,-71.04,16.74,0.713,20.2,24,7.393,666,Boston Savin Hill,922,0
14.4,94.1,6.68,0,9.51363,2.4961,18.1,42.1768,-71.0455,18.71,0.713,20.2,24,6.728,666,Boston Savin Hill,923,0
14.1,86.5,50.92,0,4.75237,2.4358,18.1,42.178,-71.051,18.13,0.713,20.2,24,6.525,666,Boston Savin Hill,924,0
12.7,87.9,10.48,0,4.66883,2.5806,18.1,42.1735,-71.0517,19.01,0.713,20.2,24,5.976,666,Boston Dorchester,1001,0
13.5,80.3,3.5,0,8.20058,2.7792,18.1,42.17,-71.0515,16.94,0.713,20.2,24,5.936,666,Boston Dorchester,1002,0
14.9,83.7,272.21,0,7.75223,2.7831,18.1,42.169,-71.0475,16.23,0.713,20.2,24,6.301,666,Boston Dorchester,1003,0
20,84.4,396.9,0,6.80117,2.7175,18.1,42.169,-71.043,14.7,0.713,20.2,24,6.081,666,Boston Dorchester,1004,0
16.4,90,255.23,0,4.81213,2.5975,18.1,42.1728,-71.043,16.42,0.713,20.2,24,6.701,666,Boston Dorchester,1005,0
17.7,88.4,391.43,0,3.69311,2.5671,18.1,42.1745,-71.035,14.65,0.713,20.2,24,6.376,666,Boston Dorchester,1006,0
19.5,83,396.9,0,6.65492,2.7344,18.1,42.1695,-71.031,13.99,0.713,20.2,24,6.317,666,Boston Dorchester,1007,0
20.2,89.9,393.82,0,5.82115,2.8016,18.1,42.1675,-71.0358,10.29,0.713,20.2,24,6.513,666,Boston Dorchester,1008,0
21.4,65.4,396.9,0,7.83932,2.9634,18.1,42.164,-71.045,13.22,0.655,20.2,24,6.209,666,Boston Dorchester,1009,0
19.9,48.2,334.4,0,3.1636,3.0665,18.1,42.165,-71.055,14.13,0.655,20.2,24,5.759,666,Boston Dorchester,1010,0
19,84.7,22.01,0,3.77498,2.8715,18.1,42.1685,-71.055,17.15,0.655,20.2,24,5.952,666,Boston Dorchester,1011,0
19.1,94.5,331.29,0,4.42228,2.5403,18.1,42.178,-71.066,21.32,0.584,20.2,24,6.003,666,Boston Mattapan,1101,0
19.1,71,368.74,0,15.5757,2.9084,18.1,42.168,-71.07,18.13,0.58,20.2,24,5.926,666,Boston Mattapan,1102,0
20.1,56.7,396.9,0,13.0751,2.8237,18.1,42.1725,-71.069,14.76,0.58,20.2,24,5.713,666,Boston Mattapan,1103,0
19.9,84,396.9,0,4.34879,3.0334,18.1,42.168,-71.074,16.29,0.58,20.2,24,6.167,666,Boston Mattapan,1104,0
19.6,90.7,395.33,0,4.03841,3.0993,18.1,42.1698,-71.0825,12.87,0.532,20.2,24,6.229,666,Boston Mattapan,1105,0
23.2,75,393.37,0,3.56868,2.8965,18.1,42.175,-71.0833,14.36,0.58,20.2,24,6.437,666,Boston Mattapan,1106,0
29.8,67.6,374.68,0,4.64689,2.5329,18.1,42.184,-71.0732,11.66,0.614,20.2,24,6.98,666,Boston Forest Hills,1201,0
13.8,95.4,352.58,0,8.05579,2.4298,18.1,42.183,-71.055,18.14,0.584,20.2,24,5.427,666,Boston Forest Hills,1202,0
13.3,97.4,302.76,0,6.39312,2.206,18.1,42.1879,-71.0511,24.1,0.584,20.2,24,6.162,666,Boston Forest Hills,1203,0
16.7,93.6,396.21,0,4.87141,2.3053,18.1,42.188,-71.0565,18.68,0.614,20.2,24,6.484,666,Boston Forest Hills,1204,0
12,97.3,349.48,0,15.0234,2.1007,18.1,42.192,-71.0528,24.91,0.614,20.2,24,5.304,666,Boston Forest Hills,1205,0
14.6,96.7,379.7,0,10.233,2.1705,18.1,42.1913,-71.0558,18.03,0.614,20.2,24,6.185,666,Boston Forest Hills,1206,0
21.4,88,383.32,0,14.3337,1.9512,18.1,42.1945,-71.067,13.11,0.614,20.2,24,6.229,666,Boston Forest Hills,1207,0
23,64.7,396.9,0,5.82401,3.4242,18.1,42.174,-71.1008,10.74,0.532,20.2,24,6.242,666,Boston West Roxbury,1301,0
23.7,74.9,393.07,0,5.70818,3.3317,18.1,42.173,-71.095,7.74,0.532,20.2,24,6.75,666,Boston West Roxbury,1302,0
25,77,395.28,0,5.73116,3.4106,18.1,42.1665,-71.09,7.01,0.532,20.2,24,7.061,666,Boston West Roxbury,1303,0
21.8,40.3,392.92,0,2.81838,4.0983,18.1,42.1608,-71.0975,10.42,0.532,20.2,24,5.762,666,Boston West Roxbury,1304,0
20.6,41.9,370.73,0,2.37857,3.724,18.1,42.154,-71.0804,13.34,0.583,20.2,24,5.871,666,Boston Hyde Park,1401,0
21.2,51.9,388.62,0,3.67367,3.9917,18.1,42.1455,-71.075,10.58,0.583,20.2,24,6.312,666,Boston Hyde Park,1402,0
19.1,79.8,392.68,0,5.69175,3.5459,18.1,42.155,-71.0715,14.98,0.583,20.2,24,6.114,666,Boston Hyde Park,1403,0
20.6,53.2,388.22,0,4.83567,3.1523,18.1,42.161,-71.065,11.45,0.583,20.2,24,5.905,666,Boston Hyde Park,1404,0
15.2,92.7,395.09,0,0.15086,1.8209,27.74,42.2344,-71.0189,18.06,0.609,20.1,4,5.454,711,Chelsea,1601,0
7,98.3,344.05,0,0.18337,1.7554,27.74,42.2335,-71.0228,23.97,0.609,20.1,4,5.414,711,Chelsea,1602,0
8.1,98,318.43,0,0.20746,1.8226,27.74,42.2368,-71.0245,29.68,0.609,20.1,4,5.093,711,Chelsea,1604,0
13.6,98.8,390.11,0,0.10574,1.8681,27.74,42.2382,-71.016,18.07,0.609,20.1,4,5.983,711,Chelsea,1605,0
20.1,83.5,396.9,0,0.11132,2.1099,27.74,42.2447,-71.0297,13.35,0.609,20.1,4,5.983,711,Chelsea,1606,0
21.8,54,396.9,0,0.17331,2.3817,9.69,42.2462,-71.0125,12.01,0.585,19.2,6,5.707,391,Revere,1701,0
24.5,42.6,396.9,0,0.27957,2.3817,9.69,42.25,-71.0125,13.59,0.585,19.2,6,5.926,391,Revere,1702,0
23.1,28.8,393.29,0,0.17899,2.7986,9.69,42.2547,-71.0105,17.6,0.585,19.2,6,5.67,391,Revere,1703,0
19.7,72.9,396.9,0,0.2896,2.7986,9.69,42.2525,-71.001,21.14,0.585,19.2,6,5.39,391,Revere,1704,0
18.3,70.6,396.9,0,0.26838,2.8927,9.69,42.2496,-70.9947,14.1,0.585,19.2,6,5.794,391,Revere,1705,0
21.2,65.3,396.9,0,0.23912,2.4091,9.69,42.2455,-71.005,12.92,0.585,19.2,6,6.019,391,Revere,1706,0
17.5,73.5,395.77,0,0.17783,2.3999,9.69,42.243,-70.9985,15.1,0.585,19.2,6,5.569,391,Revere,1707,0
16.8,79.7,396.9,0,0.22438,2.4982,9.69,42.238,-70.992,14.33,0.585,19.2,6,6.027,391,Revere,1708,0
22.4,69.1,391.99,0,0.06263,2.4786,11.93,42.2312,-70.986,9.67,0.573,21,1,6.593,273,Winthrop,1801,0
20.6,76.7,396.9,0,0.04527,2.2875,11.93,42.2275,-70.991,9.08,0.573,21,1,6.12,273,Winthrop,1802,0
23.9,91,396.9,0,0.06076,2.1675,11.93,42.226,-70.9948,5.64,0.573,21,1,6.976,273,Winthrop,1803,0
22,89.3,393.45,0,0.10959,2.3889,11.93,42.224,-70.9875,6.48,0.573,21,1,6.794,273,Winthrop,1804,0
19,80.8,396.9,0,0.04741,2.505,11.93,42.221,-70.9825,7.88,0.573,21,1,6.03,273,Winthrop,1805,0
