"词语","极性","强度"
"创新","正面",0.95
"推动","正面",0.8
"发展","正面",0.85
"提升","正面",0.75
"赋能","正面",0.7
"带来","正面",0.65
"加快","正面",0.7
"融合","正面",0.6
"升级","正面",0.75
"打造","正面",0.8
"优化","正面",0.75
"驱动","正面",0.7
"突破","正面",0.9
"引领","正面",0.95
"增强","正面",0.7
"解决","正面",0.75
"支持","正面",0.6
"助力","正面",0.65
"创造","正面",0.85
"引导","正面",0.6
"成功","正面",0.9
"变革","正面",0.8
"应对","正面",0.55
"潜力","正面",0.7
"竞争力","正面",0.75
"展现","正面",0.65
"涌现","正面",0.6
"准确","正面",0.7
"优势","正面",0.75
"普及","正面",0.65
"开放","正面",0.7
"成果","正面",0.8
"先进","正面",0.75
"智慧","正面",0.85
"繁荣","正面",0.9
"前沿","正面",0.8
"深度","正面",0.65
"强化","正面",0.7
"智能化","正面",0.9
"革新","正面",0.95
"颠覆","正面",0.85
"协同","正面",0.65
"可信","正面",0.75
"透明度","正面",0.7
"便利","正面",0.65
"投资","正面",0.7
"协作","正面",0.65
"标准化","正面",0.5
"信任","正面",0.8
"接受度","正面",0.65
"期待","正面",0.75
"激励","正面",0.7
"可持续","正面",0.75
"风险","负面",0.7
"挑战","负面",0.65
"困难","负面",0.7
"控制","负面",0.4
"监管","负面",0.45
"法律","负面",0.4
"规则","负面",0.35
"取代","负面",0.65
"伦理","负面",0.75
"隐私","负面",0.9
"缺陷","负面",0.7
"失控","负面",0.85
"错误","负面",0.7
"难以","负面",0.65
"悲观","负面",0.8
"担忧","负面",0.85
"不安","负面",0.8
"抑制","负面",0.5
"限制","负面",0.55
"负面","负面",0.75
"忧虑","负面",0.8
"抵触","负面",0.7
"纷纷","负面",0.45
"弊端","负面",0.7
"偏见","负面",0.75
"歧视","负面",0.85
"滥用","负面",0.8
"黑箱","负面",0.75
"误导","负面",0.7
"不可控","负面",0.85
"泄露","负面",0.9
"侵犯","负面",0.9
"垄断","负面",0.8
"欺诈","负面",0.85
"偏颇","负面",0.7
"威胁","负面",0.85
"不透明","负面",0.75
"失控感","负面",0.8
"局限","负面",0.6
"低效","负面",0.65
"滞后","负面",0.6
"封闭","负面",0.55
"争议","负面",0.7
"负面影响","负面",0.75
"失业","负面",0.85
"恐惧","负面",0.9
"复杂性","负面",0.65
"不确定性","负面",0.75
"误判","负面",0.7
"漏洞","负面",0.75
"依赖","负面",0.65
"排斥","负面",0.7
"质疑","负面",0.65
"不公","负面",0.8
"成本","负面",0.6
"孤立","负面",0.65
"不适","负面",0.7
"过热","负面",0.65
"失衡","负面",0.7
